Feeder ID,Fiscal Year,Y3_Before,Y2_Before,Y1_Before,Y1_After,Y2_After,Y3_After,Y4_After,years_since,years_until
05_01_11J314,2008,0,1,0,3,0.0,2.0,1.0,,3.0
05_01_12J378,2008,0,2,1,1,1.0,0.0,0.0,,1.0
05_01_16J2,2008,2,0,1,2,0.0,1.0,0.0,,5.0
05_01_18J394,2008,0,0,0,2,0.0,0.0,2.0,,1.0
05_01_1J362,2008,0,0,0,0,0.0,0.0,0.0,,4.0
05_01_1J363,2008,1,0,0,2,2.0,2.0,1.0,,1.0
05_01_1J369,2008,1,0,0,2,1.0,0.0,1.0,,1.0
05_01_1J370,2008,0,0,0,5,0.0,0.0,2.0,,4.0
05_01_207W2,2008,4,6,7,14,8.0,3.0,8.0,,1.0
05_01_207W6,2008,2,3,5,2,6.0,5.0,3.0,,5.0
05_01_216W2,2008,1,1,0,3,1.0,1.0,1.0,,5.0
05_01_219W5,2008,2,2,1,2,5.0,1.0,1.0,,5.0
05_01_24W4,2008,1,0,2,1,0.0,1.0,0.0,,1.0
05_01_26W3,2008,0,5,5,2,2.0,1.0,7.0,,5.0
05_01_2J328,2008,1,1,1,6,1.0,0.0,2.0,,1.0
05_01_2J349,2008,0,2,0,8,0.0,2.0,0.0,,1.0
05_01_3J341,2008,0,0,1,1,0.0,1.0,0.0,,5.0
05_01_3J371,2008,1,0,0,1,1.0,0.0,1.0,,5.0
05_01_3J372,2008,0,0,1,2,0.0,1.0,0.0,,1.0
05_01_3J373,2008,3,0,0,10,1.0,2.0,2.0,,1.0
05_01_3J374,2008,1,1,0,2,0.0,1.0,0.0,,1.0
05_01_406L2,2008,3,4,2,4,3.0,1.0,4.0,,5.0
05_01_412L2,2008,2,2,7,2,2.0,4.0,7.0,,5.0
05_01_412L4,2008,7,9,8,10,4.0,17.0,13.0,,5.0
05_01_412L6,2008,1,1,1,0,2.0,2.0,0.0,,5.0
05_01_413L1,2008,4,14,1,2,2.0,6.0,8.0,,5.0
05_01_4J339,2008,0,1,1,1,0.0,0.0,1.0,,3.0
05_01_4J348,2008,0,0,0,1,0.0,0.0,0.0,,4.0
05_01_552L1,2008,18,25,13,28,15.0,7.0,16.0,,5.0
05_01_602W2,2008,5,4,9,8,9.0,10.0,6.0,,5.0
05_01_602W3,2008,0,0,2,6,0.0,0.0,2.0,,4.0
05_01_604W4,2008,0,0,0,0,0.0,0.0,0.0,,5.0
05_01_6J312,2008,0,1,1,0,0.0,1.0,0.0,,5.0
05_01_6J356,2008,0,1,0,5,2.0,1.0,0.0,,4.0
05_01_8J364,2008,1,1,0,1,1.0,0.0,0.0,,5.0
05_01_8J389,2008,0,0,0,3,0.0,0.0,2.0,,5.0
05_01_9J301,2008,0,0,0,0,0.0,0.0,0.0,,5.0
05_01_9J307,2008,1,0,1,0,1.0,1.0,0.0,,5.0
05_05_106W82,2008,0,1,2,0,2.0,1.0,3.0,,5.0
05_05_28W40,2008,1,0,3,1,2.0,0.0,0.0,,1.0
05_05_310W3,2008,1,3,6,0,1.0,0.0,1.0,,5.0
05_05_310W6,2008,6,9,3,4,6.0,3.0,3.0,,5.0
05_05_311W5,2008,0,1,4,0,4.0,1.0,8.0,,5.0
05_05_313W1,2008,3,10,6,8,4.0,8.0,9.0,,1.0
05_05_313W3,2008,2,2,4,6,7.0,7.0,11.0,,1.0
05_05_314W1,2008,0,0,1,1,0.0,0.0,2.0,,5.0
05_05_314W3,2008,0,1,1,3,3.0,2.0,1.0,,5.0
05_05_317W8,2008,1,1,0,1,0.0,1.0,1.0,,5.0
05_05_320W1,2008,4,5,0,1,7.0,2.0,3.0,,1.0
05_05_3424W1,2008,1,4,2,1,0.0,0.0,0.0,,1.0
05_05_3424W3,2008,0,0,1,0,0.0,0.0,0.0,,5.0
05_05_3424W5,2008,0,0,0,3,1.0,7.0,4.0,,5.0
05_05_3432W1,2008,3,6,6,0,1.0,3.0,3.0,,5.0
05_05_3432W2,2008,0,0,3,1,1.0,4.0,1.0,,5.0
05_05_344W3,2008,1,2,0,0,0.0,0.0,0.0,,5.0
05_05_344W4,2008,2,5,4,4,7.0,6.0,5.0,,5.0
05_05_3451W1,2008,0,0,1,0,0.0,0.0,0.0,,5.0
05_05_348W5,2008,0,0,3,1,3.0,4.0,2.0,,5.0
05_05_4L1,2008,10,7,3,5,6.0,4.0,4.0,,1.0
05_05_4L2,2008,3,12,4,8,3.0,6.0,2.0,,5.0
05_05_7L3,2008,4,2,0,1,1.0,0.0,1.0,,5.0
05_05_9L2,2008,4,2,2,0,3.0,2.0,4.0,,5.0
05_05_9L5,2008,2,6,5,5,4.0,7.0,4.0,,5.0
05_07_11W2,2008,2,4,0,0,1.0,0.0,0.0,,5.0
05_07_12W3,2008,0,0,1,0,1.0,1.0,1.0,,5.0
05_07_12W4,2008,1,5,0,1,0.0,0.0,1.0,,5.0
05_07_1W1,2008,0,2,0,0,1.0,0.0,1.0,,5.0
05_07_1W2,2008,1,8,5,0,3.0,3.0,2.0,,5.0
05_07_1W3,2008,3,2,0,0,0.0,2.0,0.0,,5.0
05_07_1W5,2008,3,6,1,2,0.0,3.0,2.0,,5.0
05_07_1W8,2008,0,0,0,0,1.0,2.0,1.0,,5.0
05_07_3W1,2008,2,3,0,0,0.0,0.0,0.0,,5.0
05_07_3W2,2008,0,4,0,1,1.0,0.0,0.0,,5.0
05_07_3W3,2008,0,6,0,0,0.0,2.0,0.0,,1.0
05_07_4J3,2008,1,2,0,0,1.0,1.0,0.0,,5.0
05_07_5W1,2008,1,1,0,0,0.0,0.0,1.0,,5.0
05_07_601W79,2008,0,1,0,0,0.0,0.0,0.0,,1.0
05_07_6J1,2008,0,2,0,0,0.0,1.0,0.0,,5.0
05_07_797W20,2008,7,14,4,6,7.0,2.0,3.0,,1.0
05_07_8W1,2008,2,1,0,0,4.0,0.0,1.0,,5.0
05_07_8W2,2008,2,0,0,0,0.0,1.0,0.0,,5.0
05_07_910W25,2008,12,29,10,20,12.0,17.0,5.0,,1.0
05_07_910W52,2008,8,9,7,7,12.0,9.0,8.0,,1.0
05_07_911W25,2008,0,0,0,0,1.0,1.0,0.0,,5.0
05_07_911W56,2008,1,2,0,0,1.0,3.0,2.0,,5.0
05_07_911W59,2008,0,5,1,0,0.0,1.0,0.0,,5.0
05_07_912W75,2008,1,11,6,14,5.0,12.0,12.0,,5.0
05_07_91W43,2008,1,4,2,0,0.0,0.0,1.0,,5.0
05_07_97W4,2008,0,5,1,0,0.0,1.0,3.0,,5.0
05_07_99W32,2008,2,2,2,0,0.0,3.0,2.0,,5.0
05_07_99W63,2008,3,3,2,2,0.0,1.0,0.0,,5.0
05_07_9W1,2008,1,5,2,2,0.0,1.0,2.0,,5.0
05_07_9W2,2008,1,2,1,0,0.0,2.0,2.0,,5.0
05_09_1109W2,2008,15,29,24,33,22.0,37.0,22.0,,1.0
05_09_501L2,2008,14,21,23,34,16.0,30.0,23.0,,5.0
05_09_503L2,2008,15,14,15,12,8.0,16.0,18.0,,5.0
05_09_514L1,2008,10,8,7,9,5.0,5.0,3.0,,5.0
05_09_524L1,2008,7,2,2,1,0.0,0.0,0.0,,5.0
05_09_524L2,2008,1,2,0,0,1.0,1.0,1.0,,5.0
05_09_527L1,2008,6,21,18,10,10.0,21.0,9.0,,5.0
05_09_702W2,2008,12,19,10,15,15.0,19.0,17.0,,5.0
05_09_705W3,2008,12,18,19,20,26.0,32.0,19.0,,5.0
05_09_901W1,2008,2,1,3,0,0.0,1.0,2.0,,5.0
05_12_16W5,2008,1,0,0,0,0.0,1.0,0.0,,5.0
05_12_18J1,2008,0,1,0,0,0.0,0.0,0.0,,5.0
05_12_19W1,2008,2,3,2,3,7.0,1.0,2.0,,5.0
05_12_1J1,2008,0,0,0,0,0.0,0.0,0.0,,5.0
05_12_1J10,2008,0,0,0,0,0.0,0.0,0.0,,5.0
05_12_1J12,2008,0,0,0,0,1.0,0.0,0.0,,5.0
05_12_1J3,2008,0,0,0,0,0.0,0.0,0.0,,5.0
05_12_1J6,2008,0,0,0,0,0.0,0.0,0.0,,5.0
05_12_1J7,2008,0,1,0,0,1.0,0.0,1.0,,5.0
05_12_1J903,2008,1,0,0,0,0.0,0.0,0.0,,5.0
05_12_22W2,2008,0,2,0,0,3.0,4.0,2.0,,5.0
05_12_22W3,2008,2,2,0,0,4.0,1.0,1.0,,5.0
05_12_23H3,2008,1,0,0,0,1.0,0.0,0.0,,5.0
05_12_23W1,2008,0,1,0,1,4.0,3.0,0.0,,5.0
05_12_35J1,2008,0,0,0,0,1.0,1.0,0.0,,5.0
05_12_35J2,2008,0,1,0,0,0.0,0.0,0.0,,5.0
05_12_35J3,2008,0,0,0,0,2.0,1.0,0.0,,5.0
05_12_35J4,2008,0,0,0,0,1.0,0.0,0.0,,5.0
05_12_37W5,2008,0,2,2,1,5.0,1.0,0.0,,5.0
05_12_3J1,2008,0,0,0,0,0.0,0.0,0.0,,5.0
05_12_3J2,2008,0,0,0,0,0.0,0.0,1.0,,5.0
05_12_3J3,2008,0,0,0,0,0.0,0.0,1.0,,5.0
05_12_3J4,2008,0,0,1,0,1.0,0.0,0.0,,5.0
05_12_3J6,2008,0,0,0,0,2.0,0.0,0.0,,5.0
05_12_49W2,2008,0,0,0,0,3.0,2.0,2.0,,5.0
05_12_49W4,2008,0,0,0,0,6.0,4.0,2.0,,5.0
05_12_4J2,2008,1,0,0,0,0.0,1.0,0.0,,5.0
05_12_51T1,2008,5,21,9,16,55.0,25.0,26.0,,5.0
05_12_51T3,2008,0,0,0,1,7.0,2.0,2.0,,5.0
05_12_6J1,2008,0,0,0,1,0.0,0.0,0.0,,5.0
05_12_6J2,2008,0,0,0,0,0.0,0.0,0.0,,5.0
05_12_7J3,2008,1,1,0,0,0.0,0.0,0.0,,5.0
05_12_7J4,2008,0,0,0,0,0.0,0.0,0.0,,1.0
05_12_8J2,2008,0,1,0,0,1.0,1.0,1.0,,5.0
05_12_9J1,2008,0,0,1,0,2.0,1.0,0.0,,5.0
05_12_9J2,2008,0,1,2,1,2.0,1.0,0.0,,5.0
05_14_11J1,2008,0,0,1,0,0.0,0.0,0.0,,5.0
05_14_1316AB,2008,0,0,0,0,0.0,0.0,0.0,,5.0
05_14_13J2,2008,0,0,0,0,0.0,0.0,0.0,,5.0
05_14_13J4,2008,0,0,0,0,0.0,0.0,0.0,,5.0
05_14_13J6,2008,1,0,0,1,0.0,0.0,0.0,,5.0
05_14_13L1,2008,0,0,1,0,0.0,1.0,0.0,,5.0
05_14_14J1,2008,0,0,0,0,0.0,0.0,0.0,,5.0
05_14_14L2,2008,3,11,2,3,3.0,3.0,8.0,,5.0
05_14_16L1,2008,0,1,2,1,0.0,1.0,1.0,,5.0
05_14_1J1,2008,0,1,0,0,0.0,0.0,0.0,,5.0
05_14_1J2,2008,0,0,0,0,0.0,0.0,0.0,,5.0
05_14_1J6,2008,0,0,0,0,0.0,0.0,0.0,,5.0
05_14_1J7,2008,0,0,0,0,0.0,0.0,0.0,,5.0
05_14_1J8,2008,0,0,0,0,0.0,0.0,0.0,,5.0
05_14_1J9,2008,0,0,0,0,0.0,0.0,0.0,,5.0
05_14_21L1,2008,5,5,4,9,9.0,6.0,3.0,,1.0
05_14_21L2,2008,0,2,0,3,1.0,2.0,3.0,,5.0
05_14_2J4,2008,0,0,0,0,0.0,0.0,0.0,,5.0
05_14_2J8,2008,0,0,0,0,0.0,0.0,0.0,,5.0
05_14_2L2,2008,1,2,1,3,0.0,2.0,1.0,,1.0
05_14_2L3,2008,2,8,2,4,1.0,6.0,4.0,,1.0
05_14_31J4,2008,0,0,0,0,0.0,0.0,0.0,,5.0
05_14_31J5,2008,0,0,0,0,0.0,0.0,0.0,,5.0
05_14_31J6,2008,0,0,1,0,0.0,0.0,0.0,,5.0
05_14_31J7,2008,1,2,0,1,3.0,0.0,0.0,,5.0
05_14_32J1,2008,0,0,0,0,0.0,0.0,0.0,,5.0
05_14_32J3,2008,0,0,0,0,0.0,0.0,0.0,,5.0
05_14_32J5,2008,0,0,0,0,0.0,0.0,0.0,,5.0
05_14_32J6,2008,0,0,0,0,0.0,0.0,0.0,,5.0
05_14_32J8,2008,0,0,0,0,0.0,0.0,0.0,,5.0
05_14_32J9,2008,0,1,0,0,0.0,0.0,0.0,,5.0
05_14_34M1,2008,2,4,2,1,10.0,1.0,4.0,,5.0
05_14_36J1,2008,0,0,0,0,1.0,0.0,0.0,,5.0
05_14_36J2,2008,0,1,0,0,1.0,0.0,0.0,,5.0
05_14_36J3,2008,0,1,0,0,1.0,0.0,0.0,,5.0
05_14_36J4,2008,0,1,0,0,1.0,0.0,0.0,,5.0
05_14_36J5,2008,0,0,0,0,1.0,0.0,0.0,,5.0
05_14_36J6,2008,0,0,0,0,3.0,0.0,0.0,,5.0
05_14_3J1,2008,0,0,0,0,0.0,0.0,0.0,,5.0
05_14_3J4,2008,0,0,0,0,0.0,0.0,0.0,,5.0
05_14_3J40,2008,0,0,0,0,0.0,0.0,0.0,,1.0
05_14_3J41,2008,1,0,0,0,1.0,1.0,1.0,,1.0
05_14_3J42,2008,0,1,0,1,1.0,0.0,0.0,,1.0
05_14_3J43,2008,0,0,0,0,0.0,1.0,0.0,,1.0
05_14_3J44,2008,1,0,0,0,0.0,1.0,0.0,,1.0
05_14_3J45,2008,0,0,0,2,1.0,0.0,2.0,,1.0
05_14_3J6,2008,0,0,0,0,0.0,0.0,0.0,,5.0
05_14_3J7,2008,0,0,0,0,1.0,0.0,0.0,,5.0
05_14_45J1,2008,1,1,0,0,1.0,0.0,1.0,,5.0
05_14_46J1,2008,0,0,1,0,0.0,0.0,0.0,,5.0
05_14_46J2,2008,1,0,0,0,0.0,0.0,0.0,,5.0
05_14_48L4,2008,0,0,1,2,8.0,1.0,12.0,,5.0
05_14_53J1,2008,0,0,0,1,0.0,0.0,0.0,,5.0
05_14_53J2,2008,0,0,0,0,0.0,1.0,0.0,,5.0
05_14_53J3,2008,0,0,0,0,0.0,0.0,0.0,,5.0
05_14_53J4,2008,0,0,0,1,0.0,1.0,1.0,,5.0
05_14_53J5,2008,0,0,0,0,0.0,0.0,0.0,,5.0
05_14_54L1,2008,0,0,0,0,0.0,0.0,0.0,,5.0
05_14_54L3,2008,3,7,10,7,23.0,16.0,9.0,,5.0
05_14_57L1,2008,1,2,0,0,2.0,0.0,1.0,,1.0
05_14_59L1,2008,1,7,5,4,14.0,7.0,8.0,,5.0
05_14_59L5,2008,3,2,1,1,0.0,2.0,0.0,,5.0
05_14_5J12,2008,0,0,0,1,1.0,0.0,0.0,,1.0
05_14_5J15,2008,0,0,0,0,7.0,0.0,0.0,,1.0
05_14_5J16,2008,0,0,0,0,1.0,0.0,0.0,,1.0
05_14_5J2,2008,0,0,0,0,0.0,0.0,0.0,,5.0
05_14_5J40,2008,1,0,1,2,1.0,0.0,0.0,,1.0
05_14_5J41,2008,1,1,0,0,0.0,0.0,2.0,,5.0
05_14_5J42,2008,0,0,0,1,0.0,1.0,0.0,,1.0
05_14_5J43,2008,0,3,1,0,3.0,0.0,1.0,,5.0
05_14_5J44,2008,0,0,0,0,0.0,0.0,0.0,,1.0
05_14_5J45,2008,0,0,0,0,0.0,0.0,0.0,,1.0
05_14_5J5,2008,0,0,0,0,0.0,0.0,0.0,,5.0
05_14_60L4,2008,0,2,3,2,2.0,0.0,0.0,,5.0
05_14_61L1,2008,0,0,1,0,1.0,0.0,0.0,,5.0
05_14_61L2,2008,0,6,1,3,2.0,3.0,1.0,,5.0
05_14_69J1,2008,0,0,0,0,1.0,1.0,0.0,,1.0
05_14_6J1,2008,0,0,0,1,0.0,0.0,0.0,,5.0
05_14_6J2,2008,0,3,0,0,1.0,0.0,0.0,,5.0
05_14_6J3,2008,0,0,0,0,0.0,0.0,1.0,,5.0
05_14_6J4,2008,0,0,0,0,0.0,0.0,0.0,,5.0
05_14_6J5,2008,0,0,0,0,1.0,0.0,0.0,,5.0
05_14_6J6,2008,0,0,0,0,0.0,0.0,0.0,,5.0
05_14_6J8,2008,1,0,0,1,2.0,0.0,0.0,,5.0
05_14_71L1,2008,4,5,5,6,10.0,2.0,8.0,,1.0
05_14_74L6,2008,0,0,1,1,4.0,2.0,5.0,,5.0
05_14_75L6,2008,0,4,5,1,8.0,1.0,2.0,,5.0
05_14_77L1,2008,0,1,2,1,1.0,0.0,3.0,,5.0
05_14_77L2,2008,0,2,0,1,2.0,3.0,2.0,,5.0
05_14_7J1,2008,0,1,0,0,0.0,1.0,1.0,,5.0
05_14_7J3,2008,0,0,0,1,1.0,0.0,1.0,,5.0
05_14_7L2,2008,2,8,1,3,7.0,1.0,1.0,,5.0
05_14_8L2,2008,2,8,0,3,7.0,3.0,1.0,,1.0
05_14_8T1,2008,0,1,0,1,0.0,1.0,0.0,,5.0
05_14_8T2,2008,0,3,2,0,0.0,0.0,0.0,,5.0
05_14_9J1,2008,0,3,1,1,3.0,0.0,1.0,,5.0
05_14_9J2,2008,0,0,0,0,0.0,0.0,0.0,,5.0
05_14_9J3,2008,1,1,1,0,1.0,0.0,0.0,,5.0
05_01_10J366,2009,1,1,1,1,0.0,1.0,1.0,,5.0
05_01_11J330,2009,0,0,3,1,1.0,1.0,0.0,,5.0
05_01_11J331,2009,0,0,0,0,0.0,0.0,0.0,,6.0
05_01_11J346,2009,1,0,0,1,1.0,0.0,0.0,,5.0
05_01_12J378,2009,2,1,2,1,0.0,0.0,0.0,1.0,4.0
05_01_18J394,2009,0,0,5,0,0.0,2.0,1.0,1.0,4.0
05_01_1J363,2009,0,0,1,2,2.0,1.0,4.0,1.0,4.0
05_01_1J369,2009,0,0,4,1,0.0,1.0,1.0,1.0,4.0
05_01_207W2,2009,6,7,4,8,3.0,8.0,4.0,1.0,4.0
05_01_216W1,2009,0,1,3,1,4.0,0.0,4.0,,5.0
05_01_225W1,2009,20,16,11,10,10.0,10.0,16.0,,5.0
05_01_225W3,2009,4,2,5,5,3.0,4.0,1.0,,5.0
05_01_226L1,2009,10,13,7,13,4.0,16.0,10.0,,5.0
05_01_226L2,2009,0,21,16,13,13.0,10.0,14.0,,5.0
05_01_24W4,2009,0,2,0,0,1.0,0.0,0.0,1.0,4.0
05_01_2J328,2009,1,1,0,1,0.0,2.0,1.0,1.0,4.0
05_01_2J349,2009,2,0,1,0,2.0,0.0,0.0,1.0,4.0
05_01_304W2,2009,13,9,6,5,10.0,14.0,11.0,,1.0
05_01_304W4,2009,7,8,7,1,10.0,5.0,14.0,,5.0
05_01_3J372,2009,0,1,0,0,1.0,0.0,0.0,1.0,4.0
05_01_3J373,2009,0,0,1,1,2.0,2.0,1.0,1.0,4.0
05_01_3J374,2009,1,0,0,0,1.0,0.0,0.0,1.0,4.0
05_01_3J375,2009,1,1,1,1,0.0,0.0,0.0,,5.0
05_01_412L1,2009,2,5,4,3,2.0,5.0,3.0,,5.0
05_01_413L2,2009,13,8,12,5,14.0,21.0,12.0,,5.0
05_01_415L3,2009,1,3,3,3,1.0,3.0,5.0,,5.0
05_01_4J324,2009,0,2,0,0,0.0,0.0,3.0,,5.0
05_01_4J336,2009,1,1,1,0,1.0,1.0,0.0,,5.0
05_01_525L1,2009,8,9,12,8,5.0,8.0,7.0,,5.0
05_01_609W2,2009,8,10,3,4,6.0,1.0,4.0,,5.0
05_01_610W3,2009,3,3,1,6,0.0,0.0,5.0,,7.0
05_01_612W3,2009,2,9,1,4,1.0,1.0,2.0,,5.0
05_01_6J319,2009,1,0,0,0,1.0,0.0,0.0,,5.0
05_01_6J342,2009,1,0,1,0,1.0,2.0,1.0,,5.0
05_01_9J302,2009,0,0,0,0,0.0,0.0,2.0,,5.0
05_01_9J303,2009,0,1,2,1,2.0,1.0,1.0,,5.0
05_01_9J306,2009,1,0,0,0,1.0,0.0,0.0,,5.0
05_01_9J310,2009,0,0,0,0,0.0,0.0,1.0,,5.0
05_01_9J315,2009,0,1,0,0,0.0,0.0,0.0,,5.0
05_01_9J321,2009,0,0,0,0,0.0,0.0,0.0,,5.0
05_01_9J337,2009,1,0,1,0,1.0,1.0,1.0,,5.0
05_01_9J360,2009,0,0,0,0,0.0,0.0,0.0,,5.0
05_05_28W40,2009,0,3,2,2,0.0,0.0,2.0,1.0,4.0
05_05_28W51,2009,0,0,2,0,0.0,0.0,0.0,,5.0
05_05_310W4,2009,2,0,1,1,0.0,1.0,2.0,,5.0
05_05_311W4,2009,2,0,4,3,4.0,5.0,2.0,,5.0
05_05_312W3,2009,0,1,3,0,1.0,2.0,2.0,,5.0
05_05_313W1,2009,10,6,14,4,8.0,9.0,7.0,1.0,4.0
05_05_313W2,2009,2,0,4,1,4.0,4.0,3.0,,5.0
05_05_313W3,2009,2,4,4,7,7.0,11.0,10.0,1.0,4.0
05_05_317W3,2009,7,2,5,7,6.0,4.0,10.0,,5.0
05_05_320W1,2009,5,0,7,7,2.0,3.0,7.0,1.0,4.0
05_05_321W1,2009,5,1,5,3,4.0,4.0,5.0,,5.0
05_05_335W3,2009,9,5,26,11,7.0,7.0,16.0,,5.0
05_05_335W9,2009,2,1,2,0,1.0,4.0,1.0,,5.0
05_05_3422W1,2009,8,2,3,2,2.0,1.0,3.0,,5.0
05_05_3424W1,2009,4,2,0,0,0.0,0.0,1.0,1.0,4.0
05_05_3431W1,2009,2,7,6,1,7.0,4.0,1.0,,5.0
05_05_4L1,2009,7,3,6,6,4.0,4.0,7.0,1.0,4.0
05_05_7L1,2009,8,4,11,7,6.0,6.0,8.0,,5.0
05_05_8L2,2009,9,3,4,2,8.0,4.0,10.0,,5.0
05_05_8L4,2009,4,4,8,5,10.0,10.0,10.0,,5.0
05_07_10W1,2009,2,0,4,1,3.0,3.0,2.0,,5.0
05_07_12W2,2009,1,1,5,0,1.0,1.0,5.0,,5.0
05_07_18J1,2009,6,1,1,1,4.0,1.0,6.0,,5.0
05_07_1W6,2009,1,0,0,0,0.0,2.0,1.0,,5.0
05_07_29J1,2009,1,0,0,1,0.0,0.0,0.0,,5.0
05_07_3J1,2009,1,0,1,0,0.0,0.0,0.0,,5.0
05_07_3J92,2009,3,0,0,0,0.0,0.0,0.0,,5.0
05_07_3J93,2009,0,0,3,1,0.0,0.0,0.0,,5.0
05_07_3W3,2009,6,0,1,0,2.0,0.0,2.0,1.0,4.0
05_07_5W2,2009,7,2,6,1,0.0,0.0,1.0,,5.0
05_07_601W79,2009,1,0,0,0,0.0,0.0,0.0,1.0,4.0
05_07_60J1,2009,2,1,3,1,1.0,0.0,2.0,,5.0
05_07_65J1,2009,4,2,2,1,5.0,2.0,6.0,,5.0
05_07_69J1,2009,4,0,0,0,0.0,0.0,2.0,,5.0
05_07_6J2,2009,0,0,0,0,0.0,0.0,0.0,,5.0
05_07_72J1,2009,2,0,0,0,1.0,0.0,0.0,,5.0
05_07_797W20,2009,14,4,11,7,2.0,3.0,4.0,1.0,4.0
05_07_910W25,2009,29,10,29,12,17.0,5.0,19.0,1.0,4.0
05_07_910W52,2009,9,7,14,12,9.0,8.0,13.0,1.0,4.0
05_07_912W22,2009,0,0,0,0,0.0,0.0,1.0,,
05_07_915W35,2009,14,7,10,4,9.0,5.0,11.0,,5.0
05_07_915W36,2009,13,3,8,10,7.0,7.0,10.0,,5.0
05_07_91W40,2009,2,2,0,2,0.0,1.0,2.0,,5.0
05_07_91W41,2009,3,0,1,0,0.0,2.0,4.0,,5.0
05_07_92W79,2009,1,4,5,3,7.0,0.0,2.0,,5.0
05_07_93W41,2009,2,1,3,1,1.0,0.0,3.0,,5.0
05_07_95W1,2009,4,1,4,1,9.0,1.0,4.0,,5.0
05_07_95W4,2009,2,2,2,1,0.0,1.0,7.0,,5.0
05_07_96W44,2009,12,3,10,5,5.0,4.0,11.0,,5.0
05_07_97W2,2009,5,0,5,4,2.0,2.0,7.0,,5.0
05_07_97W3,2009,1,1,8,1,2.0,0.0,3.0,,2.0
05_07_97W5,2009,0,5,2,1,0.0,1.0,4.0,,5.0
05_09_1018K1,2009,0,0,0,0,0.0,1.0,1.0,,7.0
05_09_1019W1,2009,23,52,39,45,34.0,38.0,28.0,,5.0
05_09_1109W2,2009,29,24,43,22,37.0,22.0,34.0,1.0,4.0
05_09_508L1,2009,2,5,3,4,5.0,3.0,2.0,,5.0
05_09_509L2,2009,13,18,8,8,19.0,18.0,15.0,,5.0
05_09_516L1,2009,36,28,23,27,34.0,26.0,33.0,,5.0
05_09_516L3,2009,7,18,7,7,9.0,5.0,3.0,,5.0
05_09_523L2,2009,8,7,7,6,9.0,10.0,13.0,,5.0
05_09_604W1,2009,13,10,16,10,8.0,8.0,15.0,,5.0
05_09_604W2,2009,6,10,9,8,6.0,9.0,7.0,,5.0
05_09_901W3,2009,0,2,0,2,3.0,0.0,2.0,,6.0
05_09_905W1,2009,2,0,5,6,0.0,3.0,2.0,,6.0
05_12_11J901,2009,0,0,0,0,0.0,1.0,0.0,,
05_12_12L4,2009,1,0,2,5,0.0,1.0,0.0,,5.0
05_12_13J1,2009,0,0,0,3,1.0,0.0,0.0,,5.0
05_12_13J2,2009,0,0,0,2,1.0,0.0,0.0,,5.0
05_12_13J3,2009,0,0,1,3,1.0,0.0,0.0,,5.0
05_12_17J1,2009,0,0,1,0,0.0,1.0,0.0,,5.0
05_12_17J2,2009,1,0,1,0,0.0,0.0,0.0,,5.0
05_12_17J3,2009,2,0,3,1,0.0,1.0,1.0,,5.0
05_12_17J4,2009,1,0,0,0,0.0,0.0,0.0,,5.0
05_12_17J5,2009,2,1,0,1,1.0,1.0,0.0,,5.0
05_12_17J6,2009,0,0,0,2,0.0,0.0,1.0,,5.0
05_12_18L1,2009,4,0,3,4,1.0,5.0,5.0,,5.0
05_12_18L2,2009,12,4,12,13,3.0,6.0,6.0,,5.0
05_12_28L2,2009,7,1,5,15,8.0,6.0,2.0,,5.0
05_12_29W3,2009,0,2,0,2,0.0,2.0,1.0,,5.0
05_12_37W4,2009,2,1,0,5,3.0,3.0,0.0,,5.0
05_12_51L2,2009,2,1,4,8,1.0,4.0,0.0,,5.0
05_12_51T2,2009,37,23,25,59,32.0,36.0,29.0,,5.0
05_12_52L1,2009,18,5,10,24,8.0,5.0,21.0,,5.0
05_12_7J2,2009,0,1,0,0,0.0,0.0,0.0,,7.0
05_12_7J4,2009,0,0,0,0,0.0,0.0,0.0,1.0,4.0
05_14_14L3,2009,2,2,2,1,5.0,2.0,2.0,,5.0
05_14_16L3,2009,3,2,7,1,0.0,0.0,2.0,,5.0
05_14_18L1,2009,2,3,1,3,1.0,3.0,2.0,,5.0
05_14_18L2,2009,1,2,0,2,2.0,2.0,2.0,,5.0
05_14_21L1,2009,5,4,6,9,6.0,3.0,4.0,1.0,4.0
05_14_24L1,2009,9,6,9,12,9.0,6.0,5.0,,5.0
05_14_2L2,2009,2,1,2,0,2.0,1.0,1.0,1.0,4.0
05_14_2L3,2009,8,2,1,1,6.0,4.0,3.0,1.0,4.0
05_14_33L2,2009,19,7,8,23,6.0,5.0,8.0,,5.0
05_14_3J40,2009,0,0,0,0,0.0,0.0,0.0,1.0,4.0
05_14_3J41,2009,0,0,0,1,1.0,1.0,0.0,1.0,4.0
05_14_3J42,2009,1,0,0,1,0.0,0.0,0.0,1.0,4.0
05_14_3J43,2009,0,0,0,0,1.0,0.0,0.0,1.0,4.0
05_14_3J44,2009,0,0,0,0,1.0,0.0,1.0,1.0,4.0
05_14_3J45,2009,0,0,0,1,0.0,2.0,0.0,1.0,4.0
05_14_3L5,2009,6,1,2,2,2.0,1.0,1.0,,5.0
05_14_43L1,2009,0,0,0,0,0.0,0.0,0.0,,5.0
05_14_43L4,2009,3,5,8,18,3.0,7.0,6.0,,5.0
05_14_50L2,2009,0,0,0,0,0.0,0.0,0.0,,5.0
05_14_50L3,2009,9,1,2,6,8.0,3.0,2.0,,5.0
05_14_55L2,2009,0,0,0,1,4.0,0.0,1.0,,5.0
05_14_57L1,2009,2,0,1,2,0.0,1.0,1.0,1.0,4.0
05_14_5J1,2009,0,0,0,0,0.0,0.0,0.0,,5.0
05_14_5J12,2009,0,0,0,1,0.0,0.0,0.0,1.0,4.0
05_14_5J13,2009,2,0,3,4,0.0,0.0,0.0,,5.0
05_14_5J15,2009,0,0,0,7,0.0,0.0,0.0,1.0,4.0
05_14_5J16,2009,0,0,0,1,0.0,0.0,0.0,1.0,4.0
05_14_5J3,2009,0,0,0,0,0.0,0.0,0.0,,5.0
05_14_5J4,2009,0,0,1,0,0.0,0.0,1.0,,5.0
05_14_5J40,2009,0,1,2,1,0.0,0.0,0.0,1.0,4.0
05_14_5J42,2009,0,0,0,0,1.0,0.0,1.0,1.0,4.0
05_14_5J44,2009,0,0,0,0,0.0,0.0,0.0,1.0,4.0
05_14_5J45,2009,0,0,0,0,0.0,0.0,0.0,1.0,4.0
05_14_60L3,2009,0,0,1,2,0.0,0.0,0.0,,5.0
05_14_61L3,2009,2,0,1,6,7.0,2.0,1.0,,5.0
05_14_62L2,2009,5,7,2,5,7.0,4.0,4.0,,5.0
05_14_65L1,2009,6,3,1,3,1.0,2.0,0.0,,5.0
05_14_65L3,2009,11,3,2,14,5.0,5.0,4.0,,5.0
05_14_66L1,2009,1,1,0,5,0.0,2.0,0.0,,5.0
05_14_69J1,2009,0,0,0,1,1.0,0.0,0.0,1.0,4.0
05_14_70L1,2009,14,6,5,8,6.0,5.0,6.0,,5.0
05_14_70L2,2009,7,5,2,3,3.0,3.0,1.0,,5.0
05_14_71L1,2009,5,5,8,10,2.0,8.0,3.0,1.0,4.0
05_14_74L5,2009,12,6,6,14,6.0,1.0,8.0,,5.0
05_14_78L1,2009,6,9,4,8,4.0,5.0,2.0,,5.0
05_14_8L2,2009,8,0,0,7,3.0,1.0,4.0,1.0,4.0
05_01_10J383,2010,1,2,1,1,0.0,1.0,1.0,,5.0
05_01_11J325,2010,0,0,0,0,0.0,0.0,0.0,,5.0
05_01_11J357,2010,0,0,0,0,0.0,0.0,1.0,,5.0
05_01_12J377,2010,0,0,1,0,0.0,0.0,0.0,,5.0
05_01_12J391,2010,1,0,0,0,0.0,0.0,0.0,,5.0
05_01_13J350,2010,1,0,0,0,0.0,0.0,0.0,,5.0
05_01_13J358,2010,1,0,3,0,0.0,0.0,0.0,,5.0
05_01_14J367,2010,0,0,1,0,0.0,1.0,1.0,,5.0
05_01_14J368,2010,0,0,1,0,0.0,1.0,2.0,,5.0
05_01_16J1,2010,0,0,2,2,1.0,2.0,0.0,,5.0
05_01_1J390,2010,0,1,0,0,0.0,0.0,0.0,,5.0
05_01_201W1,2010,2,2,6,2,3.0,2.0,2.0,,5.0
05_01_201W3,2010,0,4,0,0,2.0,0.0,2.0,,5.0
05_01_201W4,2010,1,1,0,1,0.0,0.0,0.0,,5.0
05_01_210L1,2010,9,11,11,6,16.0,7.0,8.0,,5.0
05_01_219W3,2010,1,0,2,0,0.0,0.0,0.0,,5.0
05_01_219W6,2010,0,0,3,1,0.0,0.0,0.0,,5.0
05_01_21W2,2010,3,4,13,6,6.0,5.0,7.0,,5.0
05_01_225W2,2010,0,0,0,0,0.0,0.0,0.0,,5.0
05_01_225W4,2010,1,2,0,0,0.0,0.0,1.0,,5.0
05_01_227W3,2010,9,13,2,8,9.0,6.0,10.0,,5.0
05_01_23W1,2010,0,1,1,0,0.0,1.0,2.0,,5.0
05_01_24W1,2010,1,3,2,0,0.0,0.0,1.0,,5.0
05_01_24W3,2010,2,1,7,2,2.0,1.0,2.0,,5.0
05_01_24W5,2010,1,0,2,0,0.0,1.0,1.0,,5.0
05_01_26W4,2010,0,0,0,1,0.0,0.0,0.0,,5.0
05_01_27W1,2010,0,1,11,4,3.0,1.0,1.0,,5.0
05_01_27W2,2010,0,0,0,2,1.0,0.0,0.0,,5.0
05_01_2J353,2010,0,0,1,0,0.0,1.0,0.0,,5.0
05_01_304W2,2010,9,6,11,10,14.0,11.0,5.0,1.0,4.0
05_01_304W3,2010,2,0,12,6,3.0,8.0,6.0,,5.0
05_01_406L4,2010,3,7,6,2,6.0,7.0,2.0,,2.0
05_01_415L1,2010,8,15,13,7,17.0,11.0,9.0,,5.0
05_01_601J3,2010,0,1,0,0,0.0,0.0,0.0,,5.0
05_01_601J4,2010,0,1,0,0,0.0,0.0,0.0,,
05_01_601J6,2010,1,0,0,0,0.0,0.0,0.0,,5.0
05_01_601J7,2010,0,0,2,0,0.0,1.0,0.0,,
05_01_601J8,2010,0,0,1,0,0.0,0.0,0.0,,
05_01_601W3,2010,1,1,0,0,0.0,0.0,0.0,,5.0
05_01_6J305,2010,0,0,0,0,1.0,0.0,0.0,,5.0
05_01_6J316,2010,0,0,1,0,0.0,0.0,0.0,,5.0
05_01_6J318,2010,0,0,3,0,0.0,0.0,1.0,,5.0
05_01_6W2,2010,2,6,8,4,0.0,3.0,2.0,,5.0
05_01_7J387,2010,2,0,3,1,1.0,0.0,0.0,,5.0
05_01_8W1,2010,1,2,9,1,3.0,3.0,2.0,,5.0
05_01_8W2,2010,0,4,1,2,1.0,1.0,0.0,,5.0
05_01_9J329,2010,0,0,2,0,0.0,0.0,0.0,,5.0
05_01_9J352,2010,0,0,2,1,1.0,1.0,1.0,,5.0
05_01_HT11,2010,0,0,0,0,0.0,0.0,0.0,,
05_01_HT11A,2010,0,0,0,0,0.0,0.0,0.0,,
05_01_HT55,2010,0,0,0,0,0.0,0.0,0.0,,5.0
05_01_HT61,2010,0,0,0,0,0.0,0.0,0.0,,5.0
05_05_106W42,2010,0,1,0,0,0.0,0.0,0.0,,5.0
05_05_106W43,2010,1,1,0,0,0.0,0.0,0.0,,5.0
05_05_106W45,2010,1,1,0,0,1.0,0.0,0.0,,5.0
05_05_115W42,2010,0,0,1,1,0.0,0.0,0.0,,6.0
05_05_115W43,2010,0,0,0,0,0.0,0.0,0.0,,5.0
05_05_115W45,2010,0,1,0,0,0.0,0.0,0.0,,5.0
05_05_115W55,2010,0,2,0,0,0.0,1.0,1.0,,5.0
05_05_17J1,2010,0,3,0,1,0.0,0.0,0.0,,7.0
05_05_17J3,2010,0,2,0,1,0.0,0.0,0.0,,5.0
05_05_18J5,2010,0,0,1,1,0.0,0.0,1.0,,5.0
05_05_18J7,2010,0,0,0,0,0.0,0.0,0.0,,5.0
05_05_1J1,2010,0,0,0,0,0.0,0.0,0.0,,5.0
05_05_1J2,2010,1,0,0,0,0.0,0.0,0.0,,5.0
05_05_28W41,2010,0,0,0,0,0.0,0.0,0.0,,5.0
05_05_28W50,2010,0,2,1,0,0.0,2.0,3.0,,5.0
05_05_2J2,2010,0,1,0,0,0.0,0.0,0.0,,6.0
05_05_2J3,2010,0,1,0,0,1.0,0.0,0.0,,5.0
05_05_312W2,2010,0,0,0,0,0.0,0.0,0.0,,5.0
05_05_314W2,2010,0,2,3,1,2.0,9.0,1.0,,5.0
05_05_314W5,2010,0,0,0,0,0.0,0.0,0.0,,5.0
05_05_317W1,2010,3,1,1,2,2.0,2.0,4.0,,5.0
05_05_317W2,2010,0,0,0,0,0.0,0.0,0.0,,5.0
05_05_317W6,2010,0,0,0,0,0.0,0.0,0.0,,5.0
05_05_317W7,2010,0,0,0,1,0.0,0.0,0.0,,5.0
05_05_320W2,2010,12,8,13,14,8.0,12.0,7.0,,5.0
05_05_320W5,2010,0,15,11,12,5.0,17.0,7.0,,5.0
05_05_321W10,2010,0,2,2,3,1.0,1.0,2.0,,5.0
05_05_321W4,2010,0,0,0,0,2.0,0.0,0.0,,5.0
05_05_321W6,2010,3,6,10,8,4.0,4.0,6.0,,5.0
05_05_335W1,2010,2,5,2,2,2.0,4.0,3.0,,1.0
05_05_335W5,2010,3,3,3,2,1.0,4.0,1.0,,1.0
05_05_3421H2,2010,0,0,0,0,0.0,0.0,0.0,,
05_05_344W2,2010,1,0,0,0,0.0,0.0,0.0,,5.0
05_05_344W6,2010,0,2,0,0,0.0,0.0,1.0,,5.0
05_05_3451W2,2010,3,7,1,2,5.0,1.0,2.0,,5.0
05_05_348W6,2010,1,0,0,1,0.0,1.0,0.0,,5.0
05_05_3J1,2010,2,3,1,3,0.0,0.0,1.0,,5.0
05_05_4J2,2010,0,1,1,0,0.0,0.0,1.0,,5.0
05_05_5J1,2010,0,0,0,0,0.0,0.0,0.0,,5.0
05_05_5J2,2010,0,0,1,2,0.0,1.0,0.0,,5.0
05_05_6J1,2010,1,0,0,0,0.0,0.0,1.0,,5.0
05_05_7L2,2010,0,0,1,0,0.0,0.0,0.0,,5.0
05_05_7L4,2010,12,10,14,14,12.0,24.0,10.0,,5.0
05_05_7L5,2010,4,7,11,11,8.0,20.0,10.0,,5.0
05_07_1104,2010,0,0,0,0,0.0,0.0,0.0,,1.0
05_07_11W3,2010,0,0,0,0,0.0,0.0,0.0,,1.0
05_07_15J1,2010,4,3,3,3,2.0,6.0,3.0,,5.0
05_07_17J1,2010,0,5,0,1,1.0,2.0,2.0,,5.0
05_07_1J11,2010,0,0,0,0,0.0,0.0,0.0,,1.0
05_07_1J9,2010,0,0,0,0,0.0,0.0,0.0,,1.0
05_07_1W4,2010,0,2,2,2,2.0,2.0,1.0,,1.0
05_07_20W13,2010,0,0,0,0,1.0,1.0,0.0,,5.0
05_07_2J1,2010,0,0,0,0,0.0,0.0,0.0,,1.0
05_07_2J4,2010,0,0,0,0,0.0,0.0,0.0,,
05_07_2J5,2010,0,0,0,0,0.0,0.0,0.0,,1.0
05_07_2J6,2010,0,0,0,0,0.0,0.0,0.0,,1.0
05_07_2W1,2010,0,2,3,0,1.0,2.0,3.0,,1.0
05_07_2W2,2010,1,2,0,0,1.0,0.0,1.0,,1.0
05_07_3W4,2010,0,0,0,0,0.0,0.0,0.0,,1.0
05_07_4J1,2010,0,0,1,0,0.0,1.0,0.0,,1.0
05_07_4J2,2010,0,0,0,0,0.0,0.0,0.0,,1.0
05_07_4J4,2010,0,0,0,0,0.0,0.0,0.0,,1.0
05_07_5W4,2010,1,1,4,1,2.0,0.0,1.0,,1.0
05_07_64J1,2010,0,3,3,2,2.0,2.0,0.0,,5.0
05_07_66J1,2010,2,1,0,1,0.0,0.0,0.0,,
05_07_712J1,2010,1,1,0,0,0.0,4.0,3.0,,5.0
05_07_797W1,2010,3,7,4,7,4.0,15.0,4.0,,1.0
05_07_797W19,2010,1,7,2,6,4.0,4.0,4.0,,5.0
05_07_797W23,2010,10,9,7,8,3.0,4.0,6.0,,5.0
05_07_797W24,2010,6,15,20,12,9.0,32.0,5.0,,5.0
05_07_797W29,2010,3,2,2,2,0.0,5.0,3.0,,4.0
05_07_797W42,2010,2,1,0,2,1.0,4.0,3.0,,5.0
05_07_915W82,2010,7,19,8,8,11.0,22.0,12.0,,5.0
05_07_91W42,2010,0,0,0,0,0.0,1.0,3.0,,5.0
05_07_92W54,2010,5,12,1,5,8.0,4.0,5.0,,5.0
05_07_93W40,2010,2,2,0,3,1.0,2.0,2.0,,5.0
05_07_93W42,2010,1,12,1,3,6.0,9.0,3.0,,5.0
05_07_96W42,2010,0,1,0,0,0.0,0.0,0.0,,5.0
05_07_98W19,2010,0,0,0,0,0.0,0.0,0.0,,5.0
05_07_98W48,2010,0,0,0,0,0.0,1.0,0.0,,5.0
05_07_98W49,2010,1,1,1,1,0.0,0.0,2.0,,5.0
05_07_99W62,2010,3,2,0,1,1.0,1.0,0.0,,5.0
05_09_1001W1,2010,1,1,11,6,1.0,3.0,1.0,,5.0
05_09_1003W1,2010,1,4,2,11,5.0,12.0,1.0,,5.0
05_09_1007G1,2010,2,6,4,5,6.0,3.0,2.0,,5.0
05_09_1015W2,2010,4,9,2,5,3.0,5.0,2.0,,5.0
05_09_1021W1,2010,6,13,7,6,5.0,9.0,6.0,,5.0
05_09_1021W2,2010,0,11,14,19,11.0,11.0,12.0,,5.0
05_09_1050M1050,2010,0,0,0,0,0.0,0.0,0.0,,6.0
05_09_1108W1,2010,6,18,13,15,8.0,10.0,6.0,,5.0
05_09_1108W2,2010,7,11,19,18,19.0,12.0,14.0,,5.0
05_09_501L1,2010,2,0,4,3,2.0,0.0,1.0,,5.0
05_09_503L1,2010,6,8,8,11,8.0,4.0,3.0,,5.0
05_09_503L3,2010,0,0,0,0,0.0,0.0,0.0,,
05_09_503L4,2010,3,12,15,12,7.0,8.0,5.0,,5.0
05_09_508L4,2010,1,3,4,7,4.0,2.0,1.0,,4.0
05_09_516L2,2010,2,0,5,5,4.0,4.0,1.0,,5.0
05_09_522L2,2010,0,2,0,0,0.0,0.0,0.0,,4.0
05_09_522L4,2010,0,0,0,0,3.0,0.0,0.0,,4.0
05_09_701J1,2010,8,9,14,9,8.0,4.0,4.0,,5.0
05_09_704W1,2010,2,8,7,9,6.0,9.0,2.0,,5.0
05_09_705W1,2010,6,4,6,15,4.0,4.0,7.0,,5.0
05_09_8888G10,2010,3,3,3,1,2.0,1.0,3.0,,4.0
05_09_909W3,2010,14,20,22,19,12.0,22.0,11.0,,1.0
05_12_12L6,2010,0,0,0,0,0.0,0.0,0.0,,4.0
05_12_1386,2010,0,0,0,0,0.0,0.0,0.0,,5.0
05_12_1387,2010,0,0,0,0,0.0,0.0,0.0,,5.0
05_12_1388,2010,0,0,0,0,0.0,0.0,0.0,,5.0
05_12_1392,2010,0,0,0,0,0.0,0.0,0.0,,5.0
05_12_1393,2010,0,0,0,0,0.0,0.0,0.0,,5.0
05_12_16W1,2010,2,3,2,4,2.0,0.0,2.0,,5.0
05_12_16W2,2010,0,1,1,1,0.0,1.0,1.0,,5.0
05_12_16W3,2010,0,1,0,1,0.0,2.0,1.0,,5.0
05_12_16W6,2010,2,1,0,3,3.0,3.0,1.0,,5.0
05_12_16W7,2010,0,2,2,0,0.0,0.0,2.0,,5.0
05_12_16W8,2010,0,0,0,1,0.0,0.0,1.0,,5.0
05_12_18J2,2010,0,0,0,0,0.0,0.0,0.0,,4.0
05_12_18J3,2010,0,0,1,0,0.0,0.0,0.0,,4.0
05_12_18J4,2010,0,0,0,0,0.0,0.0,0.0,,4.0
05_12_19W2,2010,0,0,0,1,0.0,0.0,1.0,,5.0
05_12_1J901,2010,0,0,0,0,0.0,1.0,0.0,,5.0
05_12_1J902,2010,0,0,0,0,0.0,0.0,0.0,,5.0
05_12_1J904,2010,0,1,0,0,0.0,0.0,0.0,,5.0
05_12_23H1,2010,0,0,0,0,0.0,0.0,0.0,,5.0
05_12_23H2,2010,0,2,1,0,1.0,2.0,2.0,,5.0
05_12_23H4,2010,0,0,0,0,0.0,0.0,0.0,,5.0
05_12_23W3,2010,0,0,0,1,0.0,0.0,1.0,,5.0
05_12_24W2,2010,1,2,4,0,1.0,2.0,0.0,,5.0
05_12_25W2,2010,0,0,0,4,0.0,0.0,1.0,,5.0
05_12_29W1,2010,0,3,3,3,0.0,0.0,1.0,,5.0
05_12_29W4,2010,2,0,1,6,1.0,3.0,1.0,,5.0
05_12_2J1,2010,0,0,0,0,0.0,0.0,0.0,,5.0
05_12_2J2,2010,0,0,0,0,0.0,0.0,1.0,,5.0
05_12_2W1,2010,3,3,3,1,2.0,3.0,0.0,,5.0
05_12_2W2,2010,0,0,0,0,0.0,0.0,0.0,,5.0
05_12_37W3,2010,0,0,0,2,1.0,2.0,1.0,,5.0
05_12_37W6,2010,0,0,0,1,0.0,0.0,1.0,,5.0
05_12_40J2,2010,0,0,0,1,1.0,1.0,0.0,,5.0
05_12_67J1,2010,0,0,0,1,1.0,0.0,0.0,,5.0
05_12_67J2,2010,1,0,0,0,0.0,0.0,0.0,,5.0
05_12_67J3,2010,0,0,0,0,0.0,0.0,0.0,,5.0
05_12_67J4,2010,0,0,0,0,0.0,0.0,0.0,,5.0
05_12_72L1,2010,0,0,0,0,0.0,0.0,0.0,,5.0
05_12_7J1,2010,0,0,0,0,0.0,0.0,0.0,,5.0
05_12_7J6,2010,0,0,0,0,0.0,0.0,0.0,,5.0
05_12_7J7,2010,0,0,0,0,0.0,0.0,0.0,,5.0
05_12_8J1,2010,0,0,0,0,0.0,0.0,0.0,,
05_12_96W1,2010,2,0,0,2,1.0,1.0,0.0,,5.0
05_14_13J5,2010,0,0,0,0,0.0,0.0,0.0,,5.0
05_14_16L4,2010,1,6,5,4,2.0,4.0,6.0,,5.0
05_14_18L3,2010,3,7,8,9,4.0,5.0,1.0,,5.0
05_14_3L4,2010,2,0,2,1,1.0,1.0,4.0,,5.0
05_14_43L2,2010,4,1,1,1,6.0,3.0,3.0,,5.0
05_14_43L3,2010,1,6,4,1,3.0,5.0,4.0,,5.0
05_14_43L6,2010,0,0,1,0,3.0,3.0,4.0,,5.0
05_14_43L8,2010,0,0,0,0,0.0,0.0,0.0,,5.0
05_14_48L2,2010,1,1,1,1,1.0,1.0,1.0,,4.0
05_14_48L3,2010,1,2,2,0,1.0,0.0,3.0,,4.0
05_14_50L1,2010,6,1,2,21,2.0,5.0,5.0,,4.0
05_14_54L4,2010,0,0,0,0,0.0,0.0,0.0,,4.0
05_14_56L2,2010,5,8,10,6,4.0,9.0,2.0,,5.0
05_14_57L3,2010,6,7,16,11,14.0,13.0,5.0,,5.0
05_14_57L4,2010,0,5,2,0,1.0,0.0,1.0,,5.0
05_14_5J14,2010,0,1,1,0,3.0,1.0,3.0,,5.0
05_14_60L1,2010,3,4,8,6,5.0,7.0,9.0,,5.0
05_14_73L1,2010,9,8,16,6,12.0,15.0,8.0,,5.0
05_14_73L2,2010,0,0,6,2,6.0,1.0,2.0,,5.0
05_14_74L1,2010,5,3,4,7,5.0,5.0,6.0,,5.0
05_14_75L3,2010,13,6,2,7,8.0,7.0,1.0,,5.0
05_14_75L4,2010,0,1,3,0,0.0,2.0,1.0,,5.0
05_14_76L1,2010,5,2,9,9,3.0,7.0,6.0,,5.0
05_14_78L3,2010,4,6,2,1,1.0,7.0,6.0,,5.0
05_14_8L1,2010,1,2,2,5,5.0,7.0,3.0,,4.0
05_01_11J314,2011,0,3,0,1,0.0,1.0,0.0,3.0,2.0
05_01_11J333,2011,0,0,0,0,0.0,0.0,0.0,,5.0
05_01_207W3,2011,2,1,1,0,0.0,0.0,1.0,,6.0
05_01_219W4,2011,4,4,3,1,3.0,3.0,3.0,,4.0
05_01_21W1,2011,10,7,5,4,2.0,7.0,4.0,,4.0
05_01_23W2,2011,1,5,1,2,3.0,0.0,1.0,,4.0
05_01_23W3,2011,1,9,2,5,1.0,2.0,1.0,,5.0
05_01_24W2,2011,0,6,2,1,2.0,5.0,2.0,,5.0
05_01_26W1,2011,4,5,5,3,3.0,7.0,3.0,,5.0
05_01_26W2,2011,1,10,5,4,2.0,1.0,2.0,,5.0
05_01_304W1,2011,12,8,15,7,9.0,6.0,8.0,,5.0
05_01_304W5,2011,7,20,11,15,17.0,8.0,13.0,,5.0
05_01_304W6,2011,11,29,22,19,16.0,16.0,19.0,,5.0
05_01_406L1,2011,4,13,5,5,3.0,4.0,5.0,,5.0
05_01_4J339,2011,0,1,0,1,0.0,0.0,2.0,3.0,2.0
05_01_525L2,2011,17,40,19,27,27.0,15.0,21.0,,5.0
05_01_601W1,2011,3,3,2,0,1.0,1.0,0.0,,5.0
05_01_601W2,2011,1,0,0,0,0.0,0.0,1.0,,5.0
05_01_609W1,2011,15,19,16,8,10.0,8.0,16.0,,5.0
05_01_6W1,2011,1,6,1,1,0.0,0.0,4.0,,4.0
05_01_9J327,2011,0,0,0,0,0.0,0.0,0.0,,5.0
05_01_HT38,2011,0,0,0,0,0.0,0.0,0.0,,
05_01_HT42,2011,2,3,1,0,0.0,0.0,3.0,,6.0
05_01_HT48,2011,0,0,1,0,0.0,0.0,0.0,,7.0
05_05_106W46,2011,1,1,0,0,0.0,0.0,0.0,,5.0
05_05_106W81,2011,1,1,1,1,1.0,1.0,0.0,,5.0
05_05_115W44,2011,0,0,0,0,0.0,0.0,0.0,,5.0
05_05_115W51,2011,0,0,0,0,0.0,0.0,0.0,,5.0
05_05_115W52,2011,13,14,19,6,29.0,11.0,13.0,,3.0
05_05_115W53,2011,5,3,4,0,3.0,4.0,0.0,,5.0
05_05_115W54,2011,1,0,1,0,1.0,0.0,0.0,,5.0
05_05_1J3,2011,0,0,0,0,0.0,0.0,1.0,,5.0
05_05_1J4,2011,0,0,0,0,0.0,0.0,0.0,,5.0
05_05_2J1,2011,2,1,0,1,1.0,0.0,0.0,,5.0
05_05_310W5,2011,4,2,4,1,4.0,1.0,5.0,,5.0
05_05_332W1,2011,6,8,5,6,4.0,5.0,8.0,,5.0
05_05_335W1,2011,5,2,7,2,4.0,3.0,1.0,1.0,5.0
05_05_335W2,2011,1,2,1,1,2.0,0.0,0.0,,5.0
05_05_335W4,2011,3,1,0,3,1.0,1.0,0.0,,5.0
05_05_335W5,2011,3,3,6,1,4.0,1.0,7.0,1.0,5.0
05_05_336W2,2011,0,0,0,0,0.0,0.0,1.0,,5.0
05_05_336W3,2011,2,3,2,4,4.0,2.0,3.0,,5.0
05_05_341J1,2011,0,0,0,0,0.0,0.0,0.0,,
05_05_341J2,2011,1,0,1,1,0.0,0.0,0.0,,
05_05_341J4,2011,0,0,0,1,0.0,0.0,0.0,,
05_05_341W1,2011,6,1,5,1,3.0,3.0,5.0,,5.0
05_05_341W2,2011,3,2,0,1,0.0,3.0,3.0,,5.0
05_05_3422W3,2011,2,1,5,2,1.0,2.0,1.0,,5.0
05_05_344W1,2011,3,0,3,5,3.0,2.0,2.0,,5.0
05_05_344W5,2011,8,3,3,2,5.0,5.0,5.0,,5.0
05_05_3J2,2011,3,1,3,0,4.0,1.0,1.0,,5.0
05_05_3J3,2011,0,3,2,2,3.0,3.0,1.0,,5.0
05_05_8L3,2011,7,6,2,1,4.0,5.0,4.0,,5.0
05_05_9L1,2011,9,2,6,1,5.0,0.0,3.0,,5.0
05_05_9L3,2011,0,0,1,1,3.0,2.0,0.0,,5.0
05_05_9L4,2011,4,2,3,3,2.0,1.0,2.0,,5.0
05_05_9L6,2011,0,0,0,1,1.0,0.0,1.0,,5.0
05_07_1104,2011,0,0,0,0,0.0,0.0,0.0,1.0,5.0
05_07_11W1,2011,0,1,0,0,3.0,1.0,5.0,,5.0
05_07_11W3,2011,0,0,0,0,0.0,0.0,0.0,1.0,5.0
05_07_11W4,2011,2,1,2,1,2.0,0.0,2.0,,5.0
05_07_1J11,2011,0,0,0,0,0.0,0.0,0.0,1.0,5.0
05_07_1J9,2011,0,0,0,0,0.0,0.0,0.0,1.0,5.0
05_07_1W4,2011,2,2,2,2,2.0,1.0,1.0,1.0,5.0
05_07_2J1,2011,0,0,0,0,0.0,0.0,0.0,1.0,
05_07_2J5,2011,0,0,0,0,0.0,0.0,0.0,1.0,
05_07_2J6,2011,0,0,0,0,0.0,0.0,0.0,1.0,
05_07_2W1,2011,2,3,3,1,2.0,3.0,2.0,1.0,5.0
05_07_2W2,2011,2,0,1,1,0.0,1.0,1.0,1.0,5.0
05_07_3W4,2011,0,0,0,0,0.0,0.0,0.0,1.0,5.0
05_07_4J1,2011,0,1,0,0,1.0,0.0,0.0,1.0,5.0
05_07_4J2,2011,0,0,0,0,0.0,0.0,1.0,1.0,5.0
05_07_4J4,2011,0,0,0,0,0.0,0.0,0.0,1.0,5.0
05_07_5W4,2011,1,4,1,2,0.0,1.0,2.0,1.0,4.0
05_07_797W1,2011,7,4,8,4,15.0,4.0,6.0,1.0,4.0
05_07_910W51,2011,11,10,8,5,25.0,4.0,7.0,,5.0
05_07_911W13,2011,4,3,3,2,4.0,2.0,6.0,,5.0
05_07_911W57,2011,0,1,0,0,0.0,0.0,0.0,,5.0
05_07_911W77,2011,1,1,1,2,4.0,1.0,3.0,,5.0
05_07_912W21,2011,7,10,4,2,10.0,3.0,5.0,,5.0
05_07_912W73,2011,1,3,4,0,4.0,1.0,2.0,,5.0
05_07_912W74,2011,6,5,5,1,13.0,3.0,4.0,,5.0
05_07_913W47,2011,5,3,3,1,2.0,1.0,0.0,,5.0
05_07_92W44,2011,3,1,6,7,4.0,2.0,2.0,,5.0
05_07_93W43,2011,8,4,7,1,9.0,5.0,8.0,,5.0
05_07_94W40,2011,0,2,2,0,0.0,3.0,3.0,,5.0
05_07_94W41,2011,2,1,0,1,4.0,3.0,4.0,,5.0
05_07_94W42,2011,0,0,0,0,1.0,0.0,1.0,,5.0
05_07_94W43,2011,2,1,1,0,3.0,3.0,3.0,,5.0
05_07_94W44,2011,3,1,4,1,3.0,0.0,0.0,,5.0
05_07_95W2,2011,9,14,10,6,11.0,12.0,8.0,,5.0
05_07_95W3,2011,6,7,8,2,15.0,7.0,6.0,,4.0
05_07_97W3,2011,8,2,1,0,3.0,3.0,2.0,2.0,3.0
05_07_98W10,2011,1,2,4,3,1.0,1.0,3.0,,5.0
05_09_1003W2,2011,28,21,30,21,26.0,19.0,42.0,,5.0
05_09_1015W1,2011,9,12,6,11,7.0,5.0,17.0,,5.0
05_09_1103W1,2011,10,9,15,31,14.0,10.0,25.0,,5.0
05_09_1109W1,2011,44,67,66,68,49.0,46.0,115.0,,5.0
05_09_508L5,2011,0,14,0,7,1.0,1.0,1.0,,5.0
05_09_508L50,2011,0,0,0,0,0.0,0.0,0.0,,5.0
05_09_509L1,2011,2,11,6,5,5.0,4.0,7.0,,5.0
05_09_702W3,2011,3,5,4,6,8.0,1.0,30.0,,5.0
05_09_8888G1,2011,0,0,0,0,0.0,0.0,0.0,,3.0
05_09_8888G11,2011,0,0,0,0,0.0,0.0,1.0,,3.0
05_09_8888G12,2011,0,1,0,0,0.0,0.0,0.0,,3.0
05_09_8888G13,2011,0,0,0,0,0.0,0.0,0.0,,3.0
05_09_8888G9,2011,0,0,0,0,0.0,0.0,0.0,,3.0
05_09_8888L4,2011,0,0,0,0,0.0,0.0,0.0,,3.0
05_09_909W3,2011,20,22,31,12,22.0,11.0,35.0,1.0,4.0
05_09_909W4,2011,5,10,10,7,4.0,3.0,12.0,,5.0
05_12_10C1,2011,0,0,0,0,0.0,0.0,0.0,,5.0
05_12_10C2,2011,0,0,0,0,0.0,0.0,0.0,,5.0
05_12_10J4,2011,0,0,0,0,0.0,0.0,0.0,,5.0
05_12_10J5,2011,0,0,0,0,0.0,1.0,0.0,,5.0
05_12_10J6,2011,0,0,0,1,0.0,0.0,0.0,,5.0
05_12_10P3,2011,0,0,1,0,0.0,0.0,0.0,,7.0
05_12_12J4,2011,0,0,2,0,0.0,0.0,0.0,,5.0
05_12_1353,2011,0,0,0,0,0.0,0.0,0.0,,
05_12_1381,2011,0,0,0,0,0.0,0.0,0.0,,5.0
05_12_1383,2011,0,0,0,0,0.0,0.0,0.0,,5.0
05_12_16J1,2011,0,0,1,0,1.0,0.0,0.0,,5.0
05_12_16J2,2011,0,0,0,0,0.0,0.0,1.0,,5.0
05_12_16J3,2011,0,0,1,0,0.0,0.0,0.0,,5.0
05_12_16J4,2011,0,0,0,0,0.0,0.0,0.0,,5.0
05_12_16J5,2011,0,0,2,0,0.0,0.0,0.0,,5.0
05_12_16W4,2011,0,0,1,0,1.0,0.0,0.0,,5.0
05_12_21J21,2011,0,0,2,0,0.0,0.0,0.0,,5.0
05_12_21J32,2011,0,0,0,0,0.0,0.0,0.0,,5.0
05_12_22J1,2011,0,0,2,0,1.0,0.0,0.0,,5.0
05_12_22J2,2011,0,0,0,0,0.0,0.0,0.0,,5.0
05_12_22J3,2011,0,0,3,1,0.0,0.0,0.0,,5.0
05_12_22J4,2011,0,0,0,0,0.0,0.0,0.0,,5.0
05_12_22J5,2011,0,0,1,0,0.0,0.0,0.0,,5.0
05_12_22J6,2011,0,0,0,0,0.0,0.0,0.0,,5.0
05_12_22J7,2011,0,0,1,0,0.0,0.0,0.0,,5.0
05_12_24J1,2011,0,0,0,0,0.0,0.0,1.0,,5.0
05_12_24J10,2011,1,1,8,1,2.0,0.0,8.0,,5.0
05_12_24J11,2011,1,2,3,0,1.0,0.0,5.0,,5.0
05_12_24J2,2011,0,1,4,0,1.0,0.0,0.0,,5.0
05_12_24J4,2011,0,0,0,0,0.0,0.0,0.0,,5.0
05_12_24J6,2011,0,0,0,0,0.0,0.0,0.0,,5.0
05_12_24J7,2011,0,0,0,0,0.0,0.0,0.0,,5.0
05_12_24J8,2011,0,0,1,1,0.0,0.0,0.0,,5.0
05_12_24J9,2011,0,0,0,0,0.0,0.0,0.0,,5.0
05_12_24W1,2011,0,1,2,0,2.0,0.0,4.0,,5.0
05_12_25W4,2011,0,3,3,1,3.0,1.0,7.0,,5.0
05_12_26J1,2011,1,1,0,0,0.0,0.0,0.0,,
05_12_26J2,2011,1,2,2,0,0.0,0.0,0.0,,
05_12_26L1,2011,18,20,49,14,18.0,14.0,25.0,,5.0
05_12_28J1,2011,0,0,1,0,0.0,0.0,1.0,,5.0
05_12_28J2,2011,0,0,1,0,0.0,0.0,0.0,,5.0
05_12_29W2,2011,2,0,1,0,1.0,0.0,1.0,,5.0
05_12_29W6,2011,0,2,3,0,1.0,2.0,0.0,,7.0
05_12_37J1,2011,0,0,0,0,0.0,0.0,0.0,,5.0
05_12_37J3,2011,0,0,0,0,0.0,0.0,2.0,,5.0
05_12_3J903,2011,1,0,0,0,0.0,0.0,0.0,,5.0
05_12_4C1,2011,0,1,1,0,0.0,0.0,0.0,,5.0
05_12_51L3,2011,8,11,18,16,10.0,6.0,20.0,,5.0
05_12_52J1,2011,0,0,0,0,0.0,0.0,0.0,,5.0
05_12_52J2,2011,0,1,1,0,1.0,1.0,3.0,,5.0
05_12_64J1,2011,0,1,1,0,0.0,0.0,1.0,,5.0
05_12_64J2,2011,0,0,0,0,0.0,0.0,0.0,,5.0
05_12_64J3,2011,0,0,1,0,0.0,0.0,0.0,,5.0
05_12_64J4,2011,0,0,0,0,0.0,0.0,0.0,,5.0
05_12_64J5,2011,0,0,0,0,0.0,0.0,0.0,,5.0
05_12_69J1,2011,0,0,0,0,0.0,0.0,0.0,,5.0
05_12_6C1,2011,0,0,0,0,0.0,1.0,0.0,,4.0
05_12_6C3,2011,0,0,0,0,0.0,0.0,0.0,,4.0
05_12_6C4,2011,0,0,0,0,0.0,0.0,0.0,,4.0
05_12_6J9,2011,0,0,0,0,0.0,1.0,0.0,,4.0
05_12_9C1,2011,0,0,0,0,0.0,0.0,0.0,,5.0
05_12_9C2,2011,0,0,0,0,0.0,1.0,0.0,,5.0
05_12_9C3,2011,0,0,0,0,0.0,0.0,2.0,,5.0
05_12_9C4,2011,0,0,0,0,0.0,0.0,0.0,,5.0
05_12_9C5,2011,0,0,0,0,0.0,0.0,0.0,,5.0
05_12_9C6,2011,0,1,1,1,0.0,0.0,1.0,,5.0
05_12_9C7,2011,0,0,0,0,0.0,0.0,0.0,,5.0
05_14_14L1,2011,2,3,5,2,2.0,1.0,4.0,,5.0
05_14_211L2,2011,4,7,13,13,9.0,8.0,9.0,,5.0
05_14_24L2,2011,9,6,6,13,9.0,6.0,12.0,,5.0
05_14_24L3,2011,4,2,6,1,2.0,1.0,8.0,,5.0
05_14_2L4,2011,0,1,1,0,1.0,0.0,0.0,,5.0
05_14_3L2,2011,4,2,2,1,1.0,4.0,2.0,,4.0
05_14_47L1,2011,10,13,33,14,20.0,8.0,16.0,,5.0
05_14_47L2,2011,7,7,31,12,11.0,15.0,25.0,,5.0
05_14_48L1,2011,1,3,4,1,1.0,0.0,1.0,,4.0
05_14_55L1,2011,3,5,14,5,5.0,1.0,10.0,,4.0
05_14_56L3,2011,15,19,40,18,26.0,20.0,24.0,,5.0
05_14_57L2,2011,7,3,12,6,6.0,9.0,10.0,,4.0
05_14_59L3,2011,1,14,21,10,5.0,8.0,10.0,,5.0
05_14_59L6,2011,3,4,17,6,0.0,2.0,10.0,,5.0
05_14_70L6,2011,4,6,7,7,6.0,7.0,7.0,,5.0
05_14_71L3,2011,3,2,3,0,0.0,2.0,8.0,,5.0
05_14_75L5,2011,0,2,2,2,4.0,1.0,6.0,,4.0
05_14_92L2,2011,0,1,6,1,6.0,3.0,2.0,,5.0
05_14_92L6,2011,1,0,4,1,1.0,5.0,3.0,,5.0
05_01_1J362,2012,0,0,0,0,0.0,0.0,1.0,4.0,1.0
05_01_1J370,2012,5,0,0,0,0.0,0.0,2.0,4.0,1.0
05_01_201W2,2012,36,32,27,23,16.0,25.0,37.0,,5.0
05_01_207W1,2012,1,1,0,1,0.0,1.0,0.0,,5.0
05_01_207W4,2012,2,0,0,1,2.0,1.0,1.0,,5.0
05_01_216W3,2012,3,3,0,2,2.0,7.0,2.0,,5.0
05_01_216W4,2012,2,2,6,2,1.0,7.0,6.0,,5.0
05_01_216W5,2012,2,2,3,2,2.0,2.0,6.0,,5.0
05_01_219W2,2012,10,1,3,4,2.0,8.0,0.0,,5.0
05_01_406L3,2012,5,4,7,3,6.0,10.0,14.0,,5.0
05_01_406L4,2012,6,7,2,7,2.0,5.0,7.0,2.0,6.0
05_01_408L1,2012,5,4,3,1,3.0,1.0,3.0,,5.0
05_01_408L2,2012,4,5,5,4,0.0,2.0,4.0,,5.0
05_01_412L3,2012,0,0,1,0,0.0,0.0,0.0,,5.0
05_01_413L4,2012,3,2,2,1,3.0,1.0,5.0,,5.0
05_01_415L2,2012,9,4,7,3,9.0,10.0,14.0,,5.0
05_01_4J348,2012,1,0,0,0,0.0,1.0,0.0,4.0,1.0
05_01_552L3,2012,9,8,6,11,6.0,5.0,8.0,,5.0
05_01_55W1,2012,0,14,7,8,7.0,11.0,15.0,,4.0
05_01_602W3,2012,6,0,0,2,2.0,0.0,1.0,4.0,1.0
05_01_6J356,2012,5,2,1,0,0.0,0.0,0.0,4.0,1.0
05_05_108W51,2012,0,0,2,2,0.0,1.0,3.0,,5.0
05_05_11W81,2012,4,3,5,6,4.0,1.0,11.0,,4.0
05_05_11W82,2012,2,1,0,3,1.0,1.0,3.0,,5.0
05_05_11W83,2012,14,9,4,4,1.0,5.0,9.0,,4.0
05_05_11W84,2012,5,12,8,12,4.0,8.0,9.0,,5.0
05_05_19W73,2012,8,14,8,10,3.0,6.0,16.0,,5.0
05_05_19W74,2012,0,9,18,9,5.0,4.0,16.0,,5.0
05_05_311W2,2012,4,2,5,2,4.0,3.0,8.0,,5.0
05_05_312W1,2012,3,9,0,4,2.0,2.0,6.0,,5.0
05_05_312W4,2012,11,7,8,7,8.0,6.0,7.0,,5.0
05_05_312W5,2012,2,1,1,0,1.0,0.0,0.0,,5.0
05_05_313W4,2012,0,1,2,4,3.0,3.0,3.0,,5.0
05_05_317W4,2012,4,1,1,1,0.0,1.0,5.0,,5.0
05_05_317W5,2012,1,0,0,0,0.0,0.0,0.0,,5.0
05_05_318W3,2012,19,20,13,6,6.0,10.0,11.0,,5.0
05_05_320W3,2012,6,5,7,9,6.0,5.0,10.0,,5.0
05_05_321W5,2012,2,1,3,0,1.0,0.0,1.0,,5.0
05_05_321W9,2012,1,3,5,2,0.0,0.0,8.0,,5.0
05_07_28J1,2012,0,0,0,1,2.0,0.0,0.0,,5.0
05_07_3J3,2012,0,0,0,1,0.0,0.0,0.0,,4.0
05_07_40J1,2012,1,0,2,0,0.0,1.0,1.0,,4.0
05_07_5W3,2012,4,0,2,0,2.0,4.0,2.0,,5.0
05_07_602W100,2012,0,0,0,1,0.0,1.0,0.0,,4.0
05_07_67J1,2012,1,1,5,6,2.0,1.0,1.0,,5.0
05_07_68J1,2012,0,1,0,0,1.0,0.0,0.0,,5.0
05_07_6W1,2012,1,0,4,3,1.0,2.0,3.0,,5.0
05_07_6W2,2012,1,2,1,0,0.0,2.0,2.0,,5.0
05_07_912W55,2012,10,10,10,18,8.0,13.0,8.0,,5.0
05_07_913W17,2012,3,5,1,2,4.0,4.0,6.0,,5.0
05_07_913W18,2012,1,4,2,1,0.0,3.0,1.0,,5.0
05_07_913W43,2012,3,9,8,3,2.0,7.0,15.0,,5.0
05_07_913W67,2012,2,1,0,5,2.0,0.0,0.0,,5.0
05_07_913W69,2012,4,2,6,4,2.0,8.0,12.0,,5.0
05_07_915W37,2012,4,4,5,11,6.0,7.0,4.0,,5.0
05_07_92W78,2012,9,20,7,10,6.0,8.0,18.0,,5.0
05_07_95W5,2012,9,6,8,11,3.0,7.0,6.0,,5.0
05_07_96W40,2012,3,5,14,8,4.0,1.0,7.0,,3.0
05_07_96W41,2012,9,12,13,24,3.0,8.0,11.0,,5.0
05_07_97W1,2012,2,3,3,3,0.0,0.0,2.0,,5.0
05_07_98W44,2012,1,2,4,0,0.0,0.0,3.0,,5.0
05_07_98W46,2012,4,3,4,1,0.0,0.0,1.0,,5.0
05_07_99W61,2012,2,1,3,4,2.0,5.0,3.0,,5.0
05_09_1009W1,2012,2,0,1,1,1.0,0.0,0.0,,4.0
05_09_1013H1,2012,0,0,0,0,0.0,0.0,0.0,,4.0
05_09_1102W1,2012,21,24,19,8,14.0,45.0,15.0,,4.0
05_09_1103W2,2012,5,18,14,2,3.0,18.0,14.0,,4.0
05_09_1109W3,2012,39,49,43,22,39.0,54.0,37.0,,5.0
05_09_507L1,2012,30,21,28,34,12.0,22.0,24.0,,4.0
05_09_507L2,2012,7,6,8,6,5.0,9.0,8.0,,4.0
05_09_507L3,2012,13,5,7,6,2.0,8.0,6.0,,4.0
05_09_523L4,2012,12,6,14,4,2.0,6.0,10.0,,4.0
05_09_551L5081,2012,0,0,0,0,0.0,0.0,0.0,,2.0
05_09_604W3,2012,22,10,18,7,3.0,12.0,8.0,,5.0
05_09_604W4,2012,26,8,10,12,2.0,17.0,15.0,,6.0
05_09_702W1,2012,18,19,32,16,16.0,36.0,20.0,,5.0
05_09_901W2,2012,2,3,1,3,3.0,4.0,2.0,,5.0
05_09_909W1,2012,5,1,2,2,1.0,4.0,1.0,,5.0
05_09_909W2,2012,4,3,1,4,1.0,5.0,3.0,,5.0
05_12_11J1,2012,0,0,0,0,0.0,0.0,0.0,,5.0
05_12_11J13,2012,0,0,0,0,0.0,0.0,0.0,,5.0
05_12_11J2,2012,0,0,0,1,0.0,1.0,0.0,,5.0
05_12_11J3,2012,0,0,0,0,0.0,1.0,0.0,,5.0
05_12_11J4,2012,0,2,0,0,0.0,1.0,0.0,,5.0
05_12_12J2,2012,0,0,0,0,0.0,0.0,0.0,,5.0
05_12_12J3,2012,0,0,0,0,0.0,0.0,0.0,,5.0
05_12_12J5,2012,0,2,0,0,0.0,2.0,0.0,,5.0
05_12_12J6,2012,0,0,0,0,0.0,0.0,0.0,,5.0
05_12_12J7,2012,0,0,0,0,0.0,0.0,0.0,,5.0
05_12_12J902,2012,0,0,0,0,0.0,0.0,0.0,,5.0
05_12_12J903,2012,0,0,0,0,0.0,0.0,0.0,,5.0
05_12_12J904,2012,0,0,0,0,0.0,0.0,0.0,,5.0
05_12_12L2,2012,4,15,3,1,2.0,8.0,1.0,,5.0
05_12_1391,2012,0,0,1,1,1.0,1.0,0.0,,5.0
05_12_15J1,2012,0,0,0,0,0.0,0.0,0.0,,
05_12_15J2,2012,0,0,0,0,0.0,0.0,0.0,,
05_12_21J23,2012,0,0,0,0,0.0,0.0,0.0,,5.0
05_12_21J24,2012,0,0,0,0,0.0,0.0,0.0,,5.0
05_12_21J25,2012,0,0,0,0,0.0,0.0,0.0,,5.0
05_12_21J27,2012,0,0,0,0,0.0,0.0,0.0,,5.0
05_12_21J28,2012,0,0,0,0,0.0,0.0,0.0,,5.0
05_12_21J29,2012,0,0,0,0,0.0,0.0,0.0,,5.0
05_12_21J30,2012,0,0,0,0,0.0,0.0,0.0,,5.0
05_12_21J33,2012,0,0,0,0,0.0,0.0,0.0,,5.0
05_12_21J34,2012,0,0,0,1,0.0,0.0,0.0,,5.0
05_12_21J37,2012,0,0,0,0,0.0,0.0,0.0,,5.0
05_12_21J41,2012,0,0,0,0,0.0,0.0,0.0,,5.0
05_12_22W1,2012,0,5,2,5,1.0,1.0,3.0,,5.0
05_12_23W2,2012,3,8,5,1,1.0,6.0,2.0,,5.0
05_12_25W1,2012,0,0,2,2,0.0,5.0,4.0,,5.0
05_12_25W3,2012,1,1,0,1,0.0,0.0,0.0,,5.0
05_12_29W5,2012,2,2,2,0,0.0,0.0,0.0,,5.0
05_12_37J2,2012,0,0,0,0,0.0,1.0,0.0,,5.0
05_12_37J4,2012,0,0,0,0,0.0,0.0,0.0,,5.0
05_12_37W1,2012,0,1,0,0,0.0,3.0,1.0,,5.0
05_12_37W2,2012,0,0,1,0,0.0,0.0,1.0,,5.0
05_12_37W7,2012,0,1,0,0,0.0,0.0,0.0,,5.0
05_12_3J901,2012,0,0,0,0,0.0,0.0,1.0,,5.0
05_12_40J1,2012,0,1,0,1,1.0,0.0,0.0,,5.0
05_12_40J3,2012,0,0,0,0,0.0,0.0,0.0,,5.0
05_12_40J4,2012,0,2,1,0,0.0,2.0,0.0,,5.0
05_12_40L1,2012,3,6,2,0,0.0,2.0,0.0,,5.0
05_12_4C5,2012,0,0,1,0,0.0,0.0,0.0,,5.0
05_12_4J7,2012,0,1,0,0,0.0,0.0,1.0,,5.0
05_12_4J8,2012,0,0,1,0,0.0,0.0,0.0,,5.0
05_12_51L1,2012,10,16,7,6,5.0,4.0,7.0,,5.0
05_12_5C1,2012,0,0,1,0,0.0,0.0,0.0,,5.0
05_12_5C2,2012,0,0,0,0,0.0,1.0,0.0,,5.0
05_12_5C3,2012,1,0,0,0,0.0,1.0,1.0,,5.0
05_12_5C5,2012,0,0,0,0,0.0,0.0,0.0,,
05_12_5C8,2012,0,0,0,0,0.0,0.0,0.0,,
05_12_5J10,2012,0,0,0,0,0.0,0.0,0.0,,5.0
05_12_5J11,2012,0,0,0,0,0.0,0.0,0.0,,5.0
05_12_79J1,2012,1,0,0,0,1.0,0.0,0.0,,5.0
05_12_79J2,2012,1,4,2,1,0.0,1.0,1.0,,5.0
05_12_7J901,2012,0,1,1,2,2.0,1.0,0.0,,5.0
05_12_7J902,2012,0,0,0,0,0.0,1.0,0.0,,5.0
05_12_7J903,2012,0,2,1,0,0.0,0.0,0.0,,5.0
05_12_7W1,2012,2,0,0,0,0.0,0.0,0.0,,5.0
05_12_7W2,2012,0,2,0,0,0.0,4.0,0.0,,5.0
05_12_7W3,2012,0,0,0,0,0.0,0.0,0.0,,5.0
05_12_7W4,2012,2,3,1,0,0.0,2.0,1.0,,5.0
05_14_14J3,2012,0,0,0,0,0.0,0.0,0.0,,4.0
05_14_16L2,2012,0,0,0,0,0.0,0.0,0.0,,4.0
05_14_18J1,2012,1,0,0,0,0.0,1.0,1.0,,4.0
05_14_1J4,2012,0,0,0,0,0.0,0.0,0.0,,6.0
05_14_1J5,2012,0,0,0,0,0.0,0.0,0.0,,6.0
05_14_211L1,2012,3,4,1,2,1.0,1.0,1.0,,4.0
05_14_21L3,2012,1,2,5,1,0.0,1.0,0.0,,5.0
05_14_31J3,2012,0,2,0,0,0.0,1.0,0.0,,6.0
05_14_31J8,2012,0,1,0,0,0.0,0.0,0.0,,
05_14_36L1,2012,1,10,1,5,0.0,2.0,5.0,,4.0
05_14_36L2,2012,0,5,2,2,2.0,2.0,2.0,,4.0
05_14_54L2,2012,0,0,0,0,0.0,0.0,0.0,,5.0
05_14_56L1,2012,0,3,2,0,1.0,0.0,1.0,,4.0
05_14_58L1,2012,14,10,11,10,5.0,6.0,11.0,,5.0
05_14_58L2,2012,7,12,9,6,7.0,8.0,9.0,,5.0
05_14_58L3,2012,1,3,2,2,3.0,5.0,4.0,,5.0
05_14_63L1,2012,2,15,2,4,2.0,3.0,4.0,,5.0
05_14_63L2,2012,3,4,1,1,1.0,3.0,3.0,,5.0
05_14_70L3,2012,3,11,10,5,6.0,6.0,4.0,,5.0
05_14_70L4,2012,1,2,3,0,1.0,2.0,3.0,,5.0
05_14_70L5,2012,12,6,4,3,2.0,12.0,15.0,,5.0
05_14_70L8,2012,5,15,6,4,4.0,8.0,16.0,,5.0
05_14_74L2,2012,1,2,0,1,0.0,1.0,2.0,,5.0
05_14_74L3,2012,1,13,1,0,3.0,3.0,5.0,,5.0
05_14_74L4,2012,0,6,1,1,0.0,2.0,0.0,,5.0
05_14_75L1,2012,2,5,5,1,2.0,1.0,2.0,,5.0
05_14_75L2,2012,7,9,8,4,3.0,5.0,10.0,,5.0
05_14_76L3,2012,4,15,9,9,5.0,7.0,8.0,,5.0
05_14_77L3,2012,0,1,4,0,1.0,1.0,0.0,,5.0
05_14_78L9,2012,3,6,1,2,3.0,3.0,3.0,,5.0
05_14_7J2,2012,0,2,0,0,0.0,0.0,0.0,,
05_14_7L1,2012,2,8,1,1,5.0,0.0,3.0,,5.0
05_14_7L3,2012,0,0,0,0,0.0,0.0,0.0,,
05_14_8L3,2012,0,0,0,0,0.0,0.0,0.0,,5.0
05_14_92L3,2012,0,6,1,1,0.0,2.0,3.0,,4.0
05_14_92L4,2012,2,0,0,3,3.0,2.0,2.0,,4.0
05_01_10J323,2013,1,0,0,0,0.0,2.0,0.0,,5.0
05_01_11J314,2013,0,2,1,1,0.0,2.0,3.0,2.0,5.0
05_01_12J378,2013,1,0,0,0,0.0,1.0,0.0,4.0,5.0
05_01_16J2,2013,0,1,0,0,0.0,0.0,4.0,5.0,5.0
05_01_18J394,2013,0,0,2,1,2.0,0.0,1.0,4.0,5.0
05_01_1J362,2013,0,0,0,0,0.0,1.0,0.0,1.0,5.0
05_01_1J363,2013,2,2,1,2,0.0,2.0,2.0,4.0,5.0
05_01_1J369,2013,1,0,1,0,0.0,0.0,0.0,4.0,5.0
05_01_1J370,2013,0,0,2,0,0.0,2.0,5.0,1.0,5.0
05_01_207W2,2013,8,3,8,3,3.0,6.0,5.0,4.0,5.0
05_01_207W6,2013,6,5,3,1,2.0,3.0,5.0,5.0,5.0
05_01_216W2,2013,1,1,1,2,0.0,0.0,1.0,5.0,5.0
05_01_219W5,2013,5,1,1,1,0.0,1.0,1.0,5.0,5.0
05_01_24W4,2013,0,1,0,0,0.0,0.0,2.0,4.0,5.0
05_01_26W3,2013,2,1,7,1,0.0,5.0,2.0,5.0,5.0
05_01_2J328,2013,1,0,2,0,0.0,3.0,3.0,4.0,5.0
05_01_2J349,2013,0,2,0,2,1.0,2.0,2.0,4.0,5.0
05_01_3J341,2013,0,1,0,0,0.0,1.0,1.0,5.0,5.0
05_01_3J371,2013,1,0,1,0,0.0,0.0,0.0,5.0,5.0
05_01_3J372,2013,0,1,0,1,0.0,0.0,1.0,4.0,5.0
05_01_3J373,2013,1,2,2,1,0.0,5.0,2.0,4.0,5.0
05_01_3J374,2013,0,1,0,0,0.0,0.0,0.0,4.0,5.0
05_01_406L2,2013,3,1,4,1,3.0,2.0,7.0,5.0,5.0
05_01_412L2,2013,2,4,7,0,9.0,6.0,3.0,5.0,5.0
05_01_412L4,2013,4,17,13,10,8.0,15.0,24.0,5.0,5.0
05_01_412L6,2013,2,2,0,2,0.0,0.0,2.0,5.0,5.0
05_01_413L1,2013,2,6,8,2,2.0,5.0,4.0,5.0,5.0
05_01_4J339,2013,0,0,1,0,2.0,0.0,0.0,2.0,5.0
05_01_4J348,2013,0,0,0,0,1.0,0.0,0.0,1.0,5.0
05_01_552L1,2013,15,7,16,9,18.0,19.0,20.0,5.0,5.0
05_01_602W2,2013,9,10,6,3,10.0,6.0,14.0,5.0,4.0
05_01_602W3,2013,0,0,2,2,0.0,1.0,1.0,1.0,5.0
05_01_604W4,2013,0,0,0,0,0.0,0.0,0.0,5.0,
05_01_6J312,2013,0,1,0,0,0.0,0.0,0.0,5.0,5.0
05_01_6J356,2013,2,1,0,0,0.0,0.0,0.0,1.0,5.0
05_01_8J364,2013,1,0,0,0,1.0,1.0,0.0,5.0,5.0
05_01_8J389,2013,0,0,2,0,0.0,0.0,0.0,5.0,5.0
05_01_9J301,2013,0,0,0,0,0.0,0.0,0.0,5.0,
05_01_9J307,2013,1,1,0,0,0.0,2.0,1.0,5.0,5.0
05_05_106W82,2013,2,1,3,1,0.0,4.0,1.0,5.0,5.0
05_05_28W40,2013,2,0,0,3,3.0,6.0,2.0,4.0,5.0
05_05_310W3,2013,1,0,1,1,2.0,2.0,2.0,5.0,5.0
05_05_310W6,2013,6,3,3,8,3.0,5.0,19.0,5.0,5.0
05_05_311W5,2013,4,1,8,2,1.0,5.0,1.0,5.0,5.0
05_05_313W1,2013,4,8,9,6,11.0,9.0,15.0,4.0,5.0
05_05_313W3,2013,7,7,11,4,10.0,16.0,6.0,4.0,5.0
05_05_314W1,2013,0,0,2,1,1.0,1.0,1.0,5.0,5.0
05_05_314W3,2013,3,2,1,1,0.0,2.0,8.0,5.0,5.0
05_05_317W8,2013,0,1,1,0,1.0,1.0,0.0,5.0,5.0
05_05_320W1,2013,7,2,3,3,6.0,9.0,4.0,4.0,5.0
05_05_3424W1,2013,0,0,0,1,0.0,1.0,2.0,4.0,1.0
05_05_3424W3,2013,0,0,0,0,0.0,0.0,0.0,5.0,
05_05_3424W5,2013,1,7,4,1,0.0,5.0,0.0,5.0,5.0
05_05_3432W1,2013,1,3,3,0,3.0,6.0,2.0,5.0,5.0
05_05_3432W2,2013,1,4,1,1,1.0,2.0,1.0,5.0,5.0
05_05_344W3,2013,0,0,0,0,0.0,0.0,3.0,5.0,5.0
05_05_344W4,2013,7,6,5,2,1.0,11.0,6.0,5.0,5.0
05_05_3451W1,2013,0,0,0,0,0.0,0.0,0.0,5.0,5.0
05_05_348W5,2013,3,4,2,2,0.0,3.0,1.0,5.0,5.0
05_05_4L1,2013,6,4,4,5,6.0,11.0,5.0,4.0,5.0
05_05_4L2,2013,3,6,2,8,5.0,10.0,6.0,5.0,5.0
05_05_7L3,2013,1,0,1,0,1.0,1.0,0.0,5.0,5.0
05_05_9L2,2013,3,2,4,2,2.0,7.0,2.0,5.0,5.0
05_05_9L5,2013,4,7,4,3,8.0,15.0,7.0,5.0,5.0
05_07_11W2,2013,1,0,0,0,0.0,5.0,4.0,5.0,5.0
05_07_12W3,2013,1,1,1,0,0.0,0.0,0.0,5.0,5.0
05_07_12W4,2013,0,0,1,1,2.0,2.0,2.0,5.0,5.0
05_07_1W1,2013,1,0,1,1,0.0,0.0,2.0,5.0,5.0
05_07_1W2,2013,3,3,2,4,2.0,6.0,3.0,5.0,5.0
05_07_1W3,2013,0,2,0,0,1.0,1.0,3.0,5.0,5.0
05_07_1W5,2013,0,3,2,2,10.0,9.0,4.0,5.0,5.0
05_07_1W8,2013,1,2,1,1,2.0,3.0,4.0,5.0,5.0
05_07_3W1,2013,0,0,0,0,0.0,0.0,2.0,5.0,5.0
05_07_3W2,2013,1,0,0,0,1.0,1.0,0.0,5.0,5.0
05_07_3W3,2013,0,2,0,0,0.0,2.0,0.0,4.0,5.0
05_07_4J3,2013,1,1,0,0,1.0,0.0,0.0,5.0,4.0
05_07_5W1,2013,0,0,1,0,0.0,0.0,0.0,5.0,5.0
05_07_601W79,2013,0,0,0,0,0.0,0.0,0.0,4.0,4.0
05_07_6J1,2013,0,1,0,0,0.0,0.0,0.0,5.0,
05_07_797W20,2013,7,2,3,3,3.0,8.0,5.0,4.0,4.0
05_07_8W1,2013,4,0,1,0,0.0,3.0,2.0,5.0,5.0
05_07_8W2,2013,0,1,0,0,0.0,0.0,1.0,5.0,5.0
05_07_910W25,2013,12,17,5,6,16.0,28.0,20.0,4.0,5.0
05_07_910W52,2013,12,9,8,5,7.0,16.0,5.0,4.0,5.0
05_07_911W25,2013,1,1,0,1,1.0,1.0,2.0,5.0,5.0
05_07_911W56,2013,1,3,2,5,4.0,8.0,2.0,5.0,
05_07_911W59,2013,0,1,0,0,0.0,0.0,1.0,5.0,
05_07_912W75,2013,5,12,12,14,5.0,12.0,15.0,5.0,5.0
05_07_91W43,2013,0,0,1,2,1.0,1.0,5.0,5.0,4.0
05_07_97W4,2013,0,1,3,0,0.0,3.0,1.0,5.0,4.0
05_07_99W32,2013,0,3,2,0,0.0,3.0,2.0,5.0,5.0
05_07_99W63,2013,0,1,0,0,2.0,0.0,2.0,5.0,5.0
05_07_9W1,2013,0,1,2,0,2.0,1.0,2.0,5.0,5.0
05_07_9W2,2013,0,2,2,2,1.0,1.0,3.0,5.0,5.0
05_09_1109W2,2013,22,37,22,17,59.0,39.0,46.0,4.0,5.0
05_09_501L2,2013,16,30,23,14,34.0,25.0,30.0,5.0,5.0
05_09_503L2,2013,8,16,18,10,10.0,15.0,14.0,5.0,4.0
05_09_514L1,2013,5,5,3,7,3.0,5.0,4.0,5.0,5.0
05_09_524L1,2013,0,0,0,0,0.0,0.0,0.0,5.0,
05_09_524L2,2013,1,1,1,0,0.0,0.0,0.0,5.0,
05_09_527L1,2013,10,21,9,8,20.0,11.0,14.0,5.0,4.0
05_09_702W2,2013,15,19,17,12,36.0,18.0,25.0,5.0,5.0
05_09_705W3,2013,26,32,19,19,51.0,16.0,42.0,5.0,5.0
05_09_901W1,2013,0,1,2,1,1.0,1.0,5.0,5.0,5.0
05_12_16W5,2013,0,1,0,0,0.0,0.0,1.0,5.0,5.0
05_12_18J1,2013,0,0,0,0,0.0,0.0,0.0,5.0,5.0
05_12_19W1,2013,7,1,2,1,5.0,0.0,4.0,5.0,5.0
05_12_1J1,2013,0,0,0,0,0.0,0.0,0.0,5.0,5.0
05_12_1J10,2013,0,0,0,0,0.0,0.0,0.0,5.0,5.0
05_12_1J12,2013,1,0,0,0,1.0,1.0,0.0,5.0,5.0
05_12_1J3,2013,0,0,0,0,0.0,0.0,0.0,5.0,5.0
05_12_1J6,2013,0,0,0,0,0.0,0.0,0.0,5.0,5.0
05_12_1J7,2013,1,0,1,0,1.0,1.0,0.0,5.0,5.0
05_12_1J903,2013,0,0,0,0,2.0,0.0,0.0,5.0,5.0
05_12_22W2,2013,3,4,2,1,2.0,1.0,2.0,5.0,5.0
05_12_22W3,2013,4,1,1,3,2.0,2.0,1.0,5.0,5.0
05_12_23H3,2013,1,0,0,1,0.0,0.0,1.0,5.0,4.0
05_12_23W1,2013,4,3,0,0,2.0,2.0,1.0,5.0,5.0
05_12_35J1,2013,1,1,0,0,3.0,0.0,0.0,5.0,4.0
05_12_35J2,2013,0,0,0,0,0.0,0.0,1.0,5.0,4.0
05_12_35J3,2013,2,1,0,0,0.0,0.0,1.0,5.0,4.0
05_12_35J4,2013,1,0,0,0,5.0,0.0,0.0,5.0,4.0
05_12_37W5,2013,5,1,0,1,7.0,6.0,7.0,5.0,4.0
05_12_3J1,2013,0,0,0,0,0.0,0.0,0.0,5.0,5.0
05_12_3J2,2013,0,0,1,0,1.0,1.0,2.0,5.0,5.0
05_12_3J3,2013,0,0,1,0,1.0,0.0,0.0,5.0,5.0
05_12_3J4,2013,1,0,0,0,0.0,2.0,0.0,5.0,5.0
05_12_3J6,2013,2,0,0,1,0.0,2.0,0.0,5.0,5.0
05_12_49W2,2013,3,2,2,0,2.0,1.0,2.0,5.0,5.0
05_12_49W4,2013,6,4,2,1,4.0,1.0,1.0,5.0,5.0
05_12_4J2,2013,0,1,0,0,0.0,0.0,0.0,5.0,5.0
05_12_51T1,2013,55,25,26,12,38.0,15.0,29.0,5.0,5.0
05_12_51T3,2013,7,2,2,3,5.0,3.0,4.0,5.0,5.0
05_12_6J1,2013,0,0,0,0,1.0,0.0,1.0,5.0,5.0
05_12_6J2,2013,0,0,0,0,3.0,0.0,0.0,5.0,5.0
05_12_7J3,2013,0,0,0,0,2.0,2.0,0.0,5.0,5.0
05_12_7J4,2013,0,0,0,0,3.0,0.0,0.0,4.0,5.0
05_12_8J2,2013,1,1,1,0,0.0,0.0,0.0,5.0,
05_12_9J1,2013,2,1,0,0,0.0,1.0,0.0,5.0,5.0
05_12_9J2,2013,2,1,0,0,4.0,1.0,3.0,5.0,5.0
05_14_11J1,2013,0,0,0,0,0.0,0.0,0.0,5.0,
05_14_1316AB,2013,0,0,0,0,0.0,0.0,0.0,5.0,5.0
05_14_13J2,2013,0,0,0,0,0.0,0.0,0.0,5.0,5.0
05_14_13J4,2013,0,0,0,0,0.0,0.0,0.0,5.0,5.0
05_14_13J6,2013,0,0,0,0,1.0,0.0,0.0,5.0,5.0
05_14_13L1,2013,0,1,0,0,0.0,0.0,0.0,5.0,5.0
05_14_14J1,2013,0,0,0,0,0.0,0.0,0.0,5.0,5.0
05_14_14L2,2013,3,3,8,3,2.0,5.0,1.0,5.0,5.0
05_14_16L1,2013,0,1,1,0,0.0,1.0,0.0,5.0,5.0
05_14_1J1,2013,0,0,0,0,0.0,1.0,0.0,5.0,5.0
05_14_1J2,2013,0,0,0,1,0.0,0.0,0.0,5.0,5.0
05_14_1J6,2013,0,0,0,0,0.0,0.0,0.0,5.0,5.0
05_14_1J7,2013,0,0,0,0,0.0,0.0,0.0,5.0,5.0
05_14_1J8,2013,0,0,0,0,0.0,0.0,0.0,5.0,5.0
05_14_1J9,2013,0,0,0,0,0.0,0.0,1.0,5.0,5.0
05_14_21L1,2013,9,6,3,2,3.0,2.0,3.0,4.0,4.0
05_14_21L2,2013,1,2,3,2,2.0,4.0,3.0,5.0,4.0
05_14_2J4,2013,0,0,0,0,0.0,0.0,0.0,5.0,5.0
05_14_2J8,2013,0,0,0,0,0.0,1.0,1.0,5.0,5.0
05_14_2L2,2013,0,2,1,1,1.0,4.0,2.0,4.0,5.0
05_14_2L3,2013,1,6,4,3,3.0,7.0,1.0,4.0,5.0
05_14_31J4,2013,0,0,0,0,1.0,0.0,0.0,5.0,
05_14_31J5,2013,0,0,0,0,0.0,0.0,0.0,5.0,5.0
05_14_31J6,2013,0,0,0,0,0.0,0.0,0.0,5.0,5.0
05_14_31J7,2013,3,0,0,1,1.0,2.0,2.0,5.0,5.0
05_14_32J1,2013,0,0,0,0,0.0,0.0,0.0,5.0,
05_14_32J3,2013,0,0,0,0,0.0,0.0,0.0,5.0,5.0
05_14_32J5,2013,0,0,0,0,0.0,0.0,0.0,5.0,
05_14_32J6,2013,0,0,0,0,0.0,0.0,0.0,5.0,
05_14_32J8,2013,0,0,0,0,0.0,0.0,0.0,5.0,
05_14_32J9,2013,0,0,0,0,0.0,0.0,0.0,5.0,5.0
05_14_34M1,2013,10,1,4,2,3.0,4.0,8.0,5.0,5.0
05_14_36J1,2013,1,0,0,0,0.0,0.0,0.0,5.0,5.0
05_14_36J2,2013,1,0,0,0,0.0,0.0,0.0,5.0,5.0
05_14_36J3,2013,1,0,0,0,0.0,0.0,0.0,5.0,5.0
05_14_36J4,2013,1,0,0,0,0.0,0.0,0.0,5.0,5.0
05_14_36J5,2013,1,0,0,0,0.0,0.0,0.0,5.0,5.0
05_14_36J6,2013,3,0,0,0,0.0,0.0,0.0,5.0,5.0
05_14_3J1,2013,0,0,0,0,0.0,0.0,0.0,5.0,5.0
05_14_3J4,2013,0,0,0,0,1.0,0.0,0.0,5.0,5.0
05_14_3J40,2013,0,0,0,0,0.0,0.0,0.0,4.0,5.0
05_14_3J41,2013,1,1,1,2,0.0,1.0,2.0,4.0,5.0
05_14_3J42,2013,1,0,0,1,0.0,0.0,0.0,4.0,5.0
05_14_3J43,2013,0,1,0,0,0.0,0.0,0.0,4.0,5.0
05_14_3J44,2013,0,1,0,1,0.0,1.0,1.0,4.0,5.0
05_14_3J45,2013,1,0,2,2,1.0,1.0,3.0,4.0,5.0
05_14_3J6,2013,0,0,0,0,0.0,0.0,0.0,5.0,
05_14_3J7,2013,1,0,0,0,0.0,0.0,1.0,5.0,5.0
05_14_45J1,2013,1,0,1,0,0.0,0.0,0.0,5.0,
05_14_46J1,2013,0,0,0,0,0.0,0.0,0.0,5.0,
05_14_46J2,2013,0,0,0,0,0.0,0.0,0.0,5.0,
05_14_48L4,2013,8,1,12,1,5.0,5.0,12.0,5.0,5.0
05_14_53J1,2013,0,0,0,0,0.0,0.0,0.0,5.0,5.0
05_14_53J2,2013,0,1,0,0,0.0,1.0,1.0,5.0,5.0
05_14_53J3,2013,0,0,0,0,0.0,0.0,0.0,5.0,5.0
05_14_53J4,2013,0,1,1,0,0.0,0.0,2.0,5.0,5.0
05_14_53J5,2013,0,0,0,0,0.0,0.0,0.0,5.0,5.0
05_14_54L1,2013,0,0,0,0,0.0,1.0,0.0,5.0,4.0
05_14_54L3,2013,23,16,9,15,23.0,22.0,21.0,5.0,4.0
05_14_57L1,2013,2,0,1,1,3.0,4.0,3.0,4.0,5.0
05_14_59L1,2013,14,7,8,1,12.0,10.0,11.0,5.0,5.0
05_14_59L5,2013,0,2,0,0,0.0,2.0,1.0,5.0,5.0
05_14_5J12,2013,1,0,0,0,0.0,0.0,0.0,4.0,5.0
05_14_5J15,2013,7,0,0,0,0.0,0.0,1.0,4.0,5.0
05_14_5J16,2013,1,0,0,0,0.0,0.0,0.0,4.0,5.0
05_14_5J2,2013,0,0,0,0,0.0,1.0,0.0,5.0,5.0
05_14_5J40,2013,1,0,0,1,1.0,1.0,2.0,4.0,5.0
05_14_5J41,2013,0,0,2,0,0.0,1.0,1.0,5.0,5.0
05_14_5J42,2013,0,1,0,0,1.0,0.0,0.0,4.0,5.0
05_14_5J43,2013,3,0,1,1,0.0,2.0,1.0,5.0,5.0
05_14_5J44,2013,0,0,0,0,0.0,0.0,0.0,4.0,5.0
05_14_5J45,2013,0,0,0,0,0.0,0.0,1.0,4.0,5.0
05_14_5J5,2013,0,0,0,0,0.0,0.0,0.0,5.0,5.0
05_14_60L4,2013,2,0,0,0,5.0,2.0,2.0,5.0,5.0
05_14_61L1,2013,1,0,0,2,2.0,2.0,3.0,5.0,5.0
05_14_61L2,2013,2,3,1,0,2.0,1.0,3.0,5.0,5.0
05_14_69J1,2013,1,1,0,0,1.0,0.0,0.0,4.0,5.0
05_14_6J1,2013,0,0,0,0,0.0,1.0,2.0,5.0,5.0
05_14_6J2,2013,1,0,0,0,1.0,0.0,0.0,5.0,5.0
05_14_6J3,2013,0,0,1,0,0.0,0.0,0.0,5.0,5.0
05_14_6J4,2013,0,0,0,1,0.0,1.0,0.0,5.0,5.0
05_14_6J5,2013,1,0,0,0,0.0,0.0,0.0,5.0,5.0
05_14_6J6,2013,0,0,0,0,0.0,1.0,0.0,5.0,5.0
05_14_6J8,2013,2,0,0,0,0.0,0.0,0.0,5.0,5.0
05_14_71L1,2013,10,2,8,1,7.0,8.0,9.0,4.0,5.0
05_14_74L6,2013,4,2,5,1,1.0,1.0,3.0,5.0,4.0
05_14_75L6,2013,8,1,2,3,2.0,5.0,6.0,5.0,4.0
05_14_77L1,2013,1,0,3,1,1.0,0.0,3.0,5.0,5.0
05_14_77L2,2013,2,3,2,1,0.0,2.0,4.0,5.0,5.0
05_14_7J1,2013,0,1,1,2,1.0,2.0,2.0,5.0,5.0
05_14_7J3,2013,1,0,1,1,3.0,0.0,1.0,5.0,5.0
05_14_7L2,2013,7,1,1,2,4.0,4.0,1.0,5.0,5.0
05_14_8L2,2013,7,3,1,1,7.0,2.0,5.0,4.0,5.0
05_14_8T1,2013,0,1,0,0,2.0,0.0,1.0,5.0,5.0
05_14_8T2,2013,0,0,0,0,0.0,0.0,2.0,5.0,5.0
05_14_9J1,2013,3,0,1,0,1.0,1.0,2.0,5.0,5.0
05_14_9J2,2013,0,0,0,0,0.0,1.0,0.0,5.0,5.0
05_14_9J3,2013,1,0,0,0,1.0,1.0,2.0,5.0,5.0
05_01_10J366,2014,0,1,1,0,0.0,1.0,1.0,5.0,4.0
05_01_11J330,2014,1,1,0,0,1.0,0.0,1.0,5.0,4.0
05_01_11J334,2014,1,1,0,1,1.0,5.0,2.0,,4.0
05_01_11J346,2014,1,0,0,2,0.0,1.0,1.0,5.0,4.0
05_01_11J347,2014,2,0,1,2,1.0,3.0,3.0,,4.0
05_01_11J354,2014,4,4,0,1,2.0,2.0,1.0,,4.0
05_01_12J376,2014,0,2,2,0,0.0,0.0,0.0,,
05_01_15J392,2014,0,0,0,0,0.0,1.0,0.0,,
05_01_216W1,2014,4,0,4,3,0.0,1.0,2.0,5.0,4.0
05_01_219W1,2014,0,1,0,0,0.0,0.0,0.0,,4.0
05_01_225W1,2014,10,10,16,9,16.0,15.0,12.0,5.0,4.0
05_01_225W3,2014,3,4,1,0,3.0,2.0,4.0,5.0,4.0
05_01_226L1,2014,4,16,10,16,7.0,14.0,5.0,5.0,
05_01_226L2,2014,13,10,14,24,12.0,27.0,8.0,5.0,
05_01_27W4,2014,0,0,0,0,2.0,0.0,0.0,,
05_01_2J335,2014,1,8,2,6,3.0,5.0,5.0,,
05_01_2J345,2014,2,1,0,2,2.0,7.0,3.0,,
05_01_304W2,2014,10,14,11,6,16.0,10.0,9.0,4.0,
05_01_304W4,2014,10,5,14,3,6.0,6.0,13.0,5.0,
05_01_328J2,2014,0,0,0,0,0.0,0.0,0.0,,
05_01_3J375,2014,0,0,0,0,0.0,3.0,0.0,5.0,
05_01_412L1,2014,2,5,3,8,3.0,4.0,1.0,5.0,
05_01_412L5,2014,6,3,2,1,5.0,3.0,1.0,,
05_01_413L2,2014,14,21,12,7,16.0,16.0,8.0,5.0,
05_01_413L3,2014,12,9,8,10,8.0,19.0,6.0,,
05_01_415L3,2014,1,3,5,1,2.0,7.0,2.0,5.0,
05_01_4J324,2014,0,0,3,0,1.0,1.0,3.0,5.0,
05_01_4J336,2014,1,1,0,0,0.0,0.0,0.0,5.0,
05_01_4J338,2014,0,1,0,0,0.0,0.0,1.0,,
05_01_525L1,2014,5,8,7,9,10.0,10.0,4.0,5.0,
05_01_609W2,2014,6,1,4,4,5.0,3.0,8.0,5.0,
05_01_612W1,2014,7,10,8,21,12.0,23.0,15.0,,
05_01_612W3,2014,1,1,2,4,1.0,11.0,2.0,5.0,
05_01_6J319,2014,1,0,0,0,0.0,0.0,1.0,5.0,
05_01_6J342,2014,1,2,1,2,4.0,0.0,1.0,5.0,
05_01_7J386,2014,0,1,0,0,0.0,2.0,1.0,,
05_01_9J302,2014,0,0,2,0,1.0,0.0,0.0,5.0,
05_01_9J303,2014,2,1,1,0,1.0,1.0,2.0,5.0,
05_01_9J306,2014,1,0,0,1,0.0,0.0,0.0,5.0,
05_01_9J310,2014,0,0,1,0,0.0,0.0,0.0,5.0,
05_01_9J315,2014,0,0,0,0,0.0,0.0,0.0,5.0,
05_01_9J321,2014,0,0,0,0,0.0,1.0,0.0,5.0,
05_01_9J337,2014,1,1,1,2,0.0,1.0,1.0,5.0,
05_01_9J360,2014,0,0,0,2,0.0,0.0,1.0,5.0,
05_05_106W44,2014,0,0,0,1,0.0,0.0,1.0,,4.0
05_05_108W60,2014,5,2,9,0,8.0,7.0,12.0,,4.0
05_05_115W52,2014,7,6,29,13,18.0,18.0,30.0,3.0,
05_05_19W72,2014,0,0,3,2,2.0,1.0,2.0,,
05_05_2468W1,2014,0,0,0,0,0.0,0.0,0.0,,
05_05_28W51,2014,0,0,0,0,2.0,0.0,1.0,5.0,
05_05_310W4,2014,0,1,2,0,2.0,1.0,0.0,5.0,4.0
05_05_311W1,2014,0,0,2,0,1.0,0.0,2.0,,
05_05_311W3,2014,9,4,5,1,11.0,2.0,5.0,,
05_05_311W4,2014,4,5,2,0,3.0,2.0,2.0,5.0,
05_05_312W3,2014,1,2,2,0,0.0,5.0,2.0,5.0,
05_05_313W2,2014,4,4,3,0,7.0,3.0,4.0,5.0,
05_05_317W3,2014,6,4,10,1,9.0,7.0,5.0,5.0,
05_05_321W1,2014,4,4,5,1,5.0,7.0,11.0,5.0,
05_05_335W3,2014,7,7,16,13,20.0,15.0,15.0,5.0,
05_05_335W9,2014,1,4,1,2,2.0,2.0,6.0,5.0,
05_05_336W1,2014,0,0,0,0,2.0,0.0,4.0,,
05_05_336W4,2014,0,0,0,0,2.0,1.0,1.0,,
05_05_3422W1,2014,2,1,3,3,7.0,3.0,6.0,5.0,
05_05_3422W2,2014,5,3,4,3,5.0,2.0,2.0,,
05_05_3422W4,2014,2,5,7,1,9.0,5.0,4.0,,
05_05_3424W1,2014,0,0,1,0,1.0,2.0,1.0,1.0,
05_05_3431W1,2014,7,4,1,3,4.0,1.0,5.0,5.0,
05_05_4J1,2014,0,0,0,0,1.0,0.0,0.0,,
05_05_6J2,2014,1,1,0,1,0.0,0.0,2.0,,
05_05_7L1,2014,6,6,8,3,12.0,13.0,20.0,5.0,
05_05_8L2,2014,8,4,10,1,11.0,5.0,10.0,5.0,
05_05_8L4,2014,10,10,10,6,21.0,10.0,8.0,5.0,
05_07_10W1,2014,3,3,2,0,2.0,1.0,0.0,5.0,
05_07_12W1,2014,0,0,2,1,0.0,1.0,1.0,,
05_07_12W2,2014,1,1,5,2,1.0,0.0,5.0,5.0,
05_07_18J1,2014,4,1,6,7,2.0,2.0,6.0,5.0,
05_07_1W6,2014,0,2,1,1,4.0,5.0,0.0,5.0,
05_07_29J1,2014,0,0,0,0,0.0,0.0,0.0,5.0,
05_07_3J1,2014,0,0,0,0,0.0,0.0,0.0,5.0,
05_07_3J2,2014,0,0,0,0,0.0,0.0,0.0,,
05_07_3J92,2014,0,0,0,0,0.0,0.0,0.0,5.0,
05_07_3J93,2014,0,0,0,0,0.0,0.0,0.0,5.0,
05_07_5W2,2014,0,0,1,0,2.0,2.0,1.0,5.0,
05_07_60J1,2014,1,0,2,2,1.0,1.0,1.0,5.0,
05_07_65J1,2014,5,2,6,3,5.0,2.0,4.0,5.0,
05_07_69J1,2014,0,0,2,1,1.0,0.0,0.0,5.0,
05_07_6J2,2014,0,0,0,0,0.0,0.0,0.0,5.0,
05_07_72J1,2014,1,0,0,0,0.0,0.0,0.0,5.0,
05_07_797W29,2014,2,0,5,4,2.0,1.0,9.0,4.0,
05_07_915W35,2014,9,5,11,5,11.0,5.0,9.0,5.0,
05_07_915W36,2014,7,7,10,6,5.0,6.0,18.0,5.0,
05_07_91W40,2014,0,1,2,2,0.0,1.0,0.0,5.0,
05_07_91W41,2014,0,2,4,2,1.0,1.0,0.0,5.0,
05_07_92W79,2014,7,0,2,1,7.0,3.0,6.0,5.0,
05_07_93W41,2014,1,0,3,0,0.0,0.0,0.0,5.0,
05_07_95W1,2014,9,1,4,0,7.0,1.0,6.0,5.0,
05_07_95W4,2014,0,1,7,2,3.0,4.0,5.0,5.0,
05_07_96W44,2014,5,4,11,6,6.0,7.0,14.0,5.0,
05_07_97W2,2014,2,2,7,2,3.0,2.0,2.0,5.0,
05_07_97W3,2014,2,0,3,2,5.0,2.0,4.0,3.0,
05_07_97W5,2014,0,1,4,2,3.0,0.0,3.0,5.0,
05_09_1019W1,2014,34,38,28,42,45.0,57.0,37.0,5.0,
05_09_508L1,2014,5,3,2,1,4.0,4.0,3.0,5.0,
05_09_508L4,2014,7,4,2,1,1.0,2.0,0.0,4.0,
05_09_509L2,2014,19,18,15,23,9.0,19.0,19.0,5.0,
05_09_516L1,2014,34,26,33,27,29.0,33.0,32.0,5.0,
05_09_516L3,2014,9,5,3,12,6.0,15.0,7.0,5.0,
05_09_522L2,2014,0,0,0,0,0.0,0.0,0.0,4.0,
05_09_522L4,2014,0,3,0,1,0.0,0.0,2.0,4.0,
05_09_523L2,2014,9,10,13,11,4.0,7.0,6.0,5.0,
05_09_551L5081,2014,0,0,0,0,0.0,0.0,0.0,2.0,
05_09_604W1,2014,8,8,15,23,16.0,12.0,14.0,5.0,
05_09_604W2,2014,6,9,7,16,19.0,20.0,8.0,5.0,
05_09_705W2,2014,25,13,15,34,13.0,20.0,16.0,,
05_09_8888G1,2014,0,0,0,0,0.0,0.0,0.0,3.0,
05_09_8888G10,2014,1,2,1,4,2.0,3.0,2.0,4.0,
05_09_8888G11,2014,0,0,0,1,0.0,0.0,1.0,3.0,
05_09_8888G12,2014,0,0,0,0,0.0,0.0,0.0,3.0,
05_09_8888G13,2014,0,0,0,0,0.0,0.0,0.0,3.0,
05_09_8888G9,2014,1,0,0,0,1.0,0.0,0.0,3.0,
05_09_8888L4,2014,0,0,0,0,0.0,0.0,0.0,3.0,
05_09_8888L50,2014,0,0,0,0,0.0,0.0,0.0,,
05_12_12L4,2014,0,1,0,0,0.0,1.0,1.0,5.0,
05_12_12L6,2014,0,0,0,1,0.0,0.0,0.0,4.0,
05_12_13J1,2014,1,0,0,0,1.0,0.0,1.0,5.0,
05_12_13J2,2014,1,0,0,0,1.0,0.0,2.0,5.0,
05_12_13J3,2014,1,0,0,2,1.0,2.0,1.0,5.0,
05_12_17J1,2014,0,1,0,1,0.0,1.0,0.0,5.0,
05_12_17J2,2014,0,0,0,0,1.0,2.0,2.0,5.0,
05_12_17J3,2014,0,1,1,2,1.0,5.0,0.0,5.0,
05_12_17J4,2014,0,0,0,0,0.0,0.0,0.0,5.0,
05_12_17J5,2014,1,1,0,1,0.0,1.0,0.0,5.0,
05_12_17J6,2014,0,0,1,2,0.0,0.0,1.0,5.0,
05_12_18J2,2014,0,0,0,0,0.0,0.0,0.0,4.0,4.0
05_12_18J3,2014,0,0,0,0,0.0,0.0,0.0,4.0,4.0
05_12_18J4,2014,0,0,0,0,1.0,0.0,0.0,4.0,4.0
05_12_18L1,2014,1,5,5,5,6.0,8.0,4.0,5.0,4.0
05_12_18L2,2014,3,6,6,7,9.0,10.0,11.0,5.0,4.0
05_12_25W5,2014,1,1,5,5,6.0,2.0,1.0,,4.0
05_12_28L2,2014,8,6,2,13,6.0,13.0,11.0,5.0,
05_12_29W3,2014,0,2,1,4,0.0,1.0,2.0,5.0,
05_12_37W4,2014,3,3,0,0,4.0,2.0,0.0,5.0,
05_12_51L2,2014,1,4,0,10,1.0,1.0,2.0,5.0,
05_12_51T2,2014,32,36,29,36,52.0,51.0,34.0,5.0,
05_12_52L1,2014,8,5,21,12,11.0,13.0,17.0,5.0,
05_14_12J1,2014,0,0,1,0,0.0,0.0,0.0,,
05_14_14L3,2014,5,2,2,3,7.0,6.0,5.0,5.0,4.0
05_14_16L3,2014,0,0,2,2,4.0,3.0,3.0,5.0,4.0
05_14_18L1,2014,1,3,2,5,4.0,6.0,2.0,5.0,
05_14_18L2,2014,2,2,2,1,2.0,3.0,5.0,5.0,
05_14_24L1,2014,9,6,5,14,12.0,10.0,9.0,5.0,
05_14_275L2,2014,0,2,5,6,5.0,14.0,5.0,,4.0
05_14_275L4,2014,0,0,6,5,7.0,12.0,5.0,,4.0
05_14_2L1,2014,4,9,2,3,3.0,3.0,7.0,,
05_14_33L1,2014,11,13,9,13,12.0,24.0,13.0,,
05_14_33L2,2014,6,5,8,9,7.0,8.0,16.0,5.0,
05_14_3J3,2014,0,0,0,1,0.0,0.0,0.0,,4.0
05_14_3L5,2014,2,1,1,2,3.0,3.0,2.0,5.0,4.0
05_14_43L1,2014,0,0,0,0,0.0,0.0,0.0,5.0,
05_14_43L4,2014,3,7,6,4,6.0,5.0,3.0,5.0,
05_14_48L2,2014,1,1,1,2,3.0,2.0,0.0,4.0,
05_14_48L3,2014,0,1,0,3,2.0,4.0,3.0,4.0,
05_14_50L1,2014,21,2,5,7,4.0,10.0,9.0,4.0,
05_14_50L2,2014,0,0,0,1,1.0,0.0,0.0,5.0,
05_14_50L3,2014,8,3,2,4,3.0,6.0,2.0,5.0,
05_14_54L4,2014,0,0,0,0,0.0,0.0,0.0,4.0,
05_14_55L2,2014,4,0,1,1,0.0,2.0,0.0,5.0,
05_14_5J1,2014,0,0,0,0,0.0,0.0,0.0,5.0,
05_14_5J11,2014,0,1,0,2,1.0,1.0,0.0,,
05_14_5J13,2014,0,0,0,1,0.0,1.0,0.0,5.0,
05_14_5J3,2014,0,0,0,0,0.0,0.0,0.0,5.0,
05_14_5J4,2014,0,0,1,1,0.0,0.0,0.0,5.0,
05_14_60L2,2014,7,10,3,11,14.0,9.0,7.0,,
05_14_60L3,2014,0,0,0,0,1.0,2.0,1.0,5.0,
05_14_61L3,2014,7,2,1,10,1.0,4.0,2.0,5.0,
05_14_62L2,2014,7,4,4,3,7.0,10.0,5.0,5.0,
05_14_65L1,2014,1,2,0,2,2.0,0.0,0.0,5.0,
05_14_65L3,2014,5,5,4,4,4.0,8.0,9.0,5.0,
05_14_66L1,2014,0,2,0,2,0.0,1.0,0.0,5.0,
05_14_66L2,2014,0,2,0,0,0.0,0.0,0.0,,
05_14_70L1,2014,6,5,6,7,10.0,6.0,12.0,5.0,
05_14_70L2,2014,3,3,1,0,1.0,3.0,3.0,5.0,
05_14_74L5,2014,6,1,8,4,15.0,12.0,2.0,5.0,
05_14_78L1,2014,4,5,2,10,12.0,9.0,6.0,5.0,
05_14_8L1,2014,5,5,7,8,5.0,8.0,4.0,4.0,4.0
05_14_92L1,2014,5,1,3,1,10.0,3.0,5.0,,
05_01_10J383,2015,0,1,1,1,2.0,0.0,2.0,5.0,
05_01_11J325,2015,0,0,0,0,0.0,0.0,0.0,5.0,
05_01_11J331,2015,0,0,0,0,0.0,0.0,0.0,6.0,
05_01_11J332,2015,0,0,0,1,0.0,0.0,0.0,,
05_01_11J351,2015,2,1,0,4,5.0,2.0,4.0,,
05_01_11J357,2015,0,0,1,0,0.0,1.0,0.0,5.0,
05_01_12J377,2015,0,0,0,0,0.0,1.0,1.0,5.0,
05_01_12J391,2015,0,0,0,0,0.0,0.0,0.0,5.0,
05_01_13J350,2015,0,0,0,0,0.0,0.0,0.0,5.0,
05_01_13J358,2015,0,0,0,1,0.0,0.0,0.0,5.0,
05_01_14J367,2015,0,1,1,0,0.0,1.0,0.0,5.0,
05_01_14J368,2015,0,1,2,1,2.0,0.0,1.0,5.0,
05_01_16J1,2015,1,2,0,1,2.0,2.0,3.0,5.0,
05_01_1J390,2015,0,0,0,0,0.0,0.0,0.0,5.0,
05_01_201W1,2015,3,2,2,4,4.0,3.0,3.0,5.0,
05_01_201W3,2015,2,0,2,0,3.0,0.0,0.0,5.0,
05_01_201W4,2015,0,0,0,2,2.0,1.0,4.0,5.0,
05_01_210L1,2015,16,7,8,9,14.0,16.0,19.0,5.0,
05_01_219W3,2015,0,0,0,1,1.0,1.0,0.0,5.0,
05_01_219W4,2015,1,3,3,1,3.0,0.0,4.0,4.0,
05_01_219W6,2015,0,0,0,0,2.0,2.0,0.0,5.0,
05_01_21W1,2015,4,2,7,6,7.0,3.0,17.0,4.0,
05_01_21W2,2015,6,5,7,5,7.0,6.0,13.0,5.0,
05_01_225W2,2015,0,0,0,0,0.0,0.0,1.0,5.0,
05_01_225W4,2015,0,0,1,1,4.0,1.0,0.0,5.0,
05_01_227W1,2015,2,5,0,3,5.0,4.0,7.0,,
05_01_227W3,2015,9,6,10,2,13.0,7.0,19.0,5.0,
05_01_23W1,2015,0,1,2,1,3.0,1.0,1.0,5.0,
05_01_23W2,2015,2,3,0,2,2.0,3.0,4.0,4.0,
05_01_24W1,2015,0,0,1,0,0.0,0.0,0.0,5.0,
05_01_24W3,2015,2,1,2,3,3.0,2.0,2.0,5.0,
05_01_24W5,2015,0,1,1,4,1.0,1.0,0.0,5.0,
05_01_26W4,2015,0,0,0,0,0.0,0.0,0.0,5.0,
05_01_27W1,2015,3,1,1,1,2.0,1.0,2.0,5.0,
05_01_27W2,2015,1,0,0,1,2.0,0.0,1.0,5.0,
05_01_2J353,2015,0,1,0,0,1.0,0.0,2.0,5.0,
05_01_2J393,2015,1,1,0,0,1.0,0.0,2.0,,
05_01_304W3,2015,3,8,6,5,6.0,5.0,7.0,5.0,
05_01_413L5,2015,0,0,0,0,0.0,0.0,0.0,,
05_01_413L7,2015,4,2,1,2,4.0,2.0,7.0,,
05_01_415L1,2015,17,11,9,6,11.0,14.0,12.0,5.0,
05_01_4J340,2015,1,1,0,0,0.0,0.0,0.0,,
05_01_601J3,2015,0,0,0,0,0.0,0.0,0.0,5.0,
05_01_601J6,2015,0,0,0,0,0.0,0.0,0.0,5.0,
05_01_601W3,2015,0,0,0,0,0.0,0.0,0.0,5.0,
05_01_605W1,2015,0,0,0,0,0.0,0.0,0.0,,
05_01_6J304,2015,0,0,0,1,0.0,0.0,1.0,,
05_01_6J305,2015,1,0,0,0,0.0,0.0,0.0,5.0,
05_01_6J316,2015,0,0,0,0,0.0,0.0,0.0,5.0,
05_01_6J318,2015,0,0,1,0,1.0,0.0,1.0,5.0,
05_01_6J326,2015,1,1,1,3,1.0,1.0,0.0,,
05_01_6W1,2015,1,0,0,1,2.0,1.0,2.0,4.0,
05_01_6W2,2015,0,3,2,2,0.0,1.0,5.0,5.0,
05_01_7J387,2015,1,0,0,0,1.0,1.0,1.0,5.0,
05_01_8W1,2015,3,3,2,2,1.0,3.0,6.0,5.0,
05_01_8W2,2015,1,1,0,0,1.0,0.0,2.0,5.0,
05_01_9J329,2015,0,0,0,0,0.0,0.0,0.0,5.0,
05_01_9J352,2015,1,1,1,0,2.0,0.0,1.0,5.0,
05_01_HT11-11A,2015,0,0,0,0,0.0,0.0,0.0,,
05_01_HT22,2015,0,0,0,0,0.0,0.0,0.0,,
05_01_HT27,2015,0,0,0,0,0.0,0.0,0.0,,
05_01_HT55,2015,0,0,0,0,0.0,0.0,0.0,5.0,
05_01_HT59,2015,0,1,0,0,0.0,1.0,0.0,,
05_01_HT61,2015,0,0,0,0,0.0,0.0,0.0,5.0,
05_05_106W42,2015,0,0,0,0,0.0,1.0,1.0,5.0,
05_05_106W43,2015,0,0,0,0,0.0,0.0,0.0,5.0,
05_05_106W45,2015,1,0,0,0,1.0,0.0,0.0,5.0,
05_05_115W43,2015,0,0,0,0,0.0,0.0,0.0,5.0,
05_05_115W45,2015,0,0,0,0,1.0,2.0,1.0,5.0,
05_05_115W55,2015,0,1,1,0,0.0,1.0,0.0,5.0,
05_05_17J3,2015,0,0,0,2,0.0,1.0,0.0,5.0,
05_05_18J5,2015,0,0,1,0,0.0,1.0,0.0,5.0,
05_05_18J7,2015,0,0,0,0,0.0,2.0,1.0,5.0,
05_05_1J1,2015,0,0,0,1,1.0,0.0,2.0,5.0,
05_05_1J2,2015,0,0,0,0,0.0,0.0,0.0,5.0,
05_05_2246,2015,0,0,0,0,0.0,0.0,0.0,,
05_05_2248,2015,0,0,0,0,0.0,0.0,0.0,,
05_05_2274,2015,0,0,0,0,0.0,0.0,0.0,,
05_05_2278,2015,0,0,0,0,0.0,0.0,0.0,,
05_05_2285,2015,0,0,0,0,0.0,0.0,0.0,,
05_05_2286,2015,0,0,0,0,0.0,0.0,0.0,,
05_05_2288,2015,0,0,0,0,0.0,0.0,0.0,,
05_05_24,2015,0,0,0,0,0.0,0.0,0.0,,
05_05_28W41,2015,0,0,0,0,0.0,0.0,0.0,5.0,
05_05_28W50,2015,0,2,3,1,1.0,6.0,2.0,5.0,
05_05_2J3,2015,1,0,0,1,0.0,0.0,1.0,5.0,
05_05_311W6,2015,1,1,3,4,2.0,1.0,7.0,,
05_05_312W2,2015,0,0,0,1,2.0,0.0,0.0,5.0,
05_05_314W2,2015,2,9,1,8,7.0,4.0,7.0,5.0,
05_05_314W5,2015,0,0,0,0,1.0,0.0,0.0,5.0,
05_05_317W1,2015,2,2,4,2,3.0,3.0,4.0,5.0,
05_05_317W2,2015,0,0,0,0,0.0,0.0,2.0,5.0,
05_05_317W6,2015,0,0,0,0,0.0,0.0,0.0,5.0,
05_05_317W7,2015,0,0,0,0,0.0,0.0,1.0,5.0,
05_05_320W2,2015,8,12,7,13,18.0,7.0,24.0,5.0,
05_05_320W5,2015,5,17,7,16,11.0,5.0,17.0,5.0,
05_05_321W10,2015,1,1,2,2,1.0,3.0,5.0,5.0,
05_05_321W4,2015,2,0,0,1,0.0,2.0,3.0,5.0,
05_05_321W6,2015,4,4,6,13,11.0,16.0,22.0,5.0,
05_05_344W2,2015,0,0,0,0,0.0,1.0,0.0,5.0,
05_05_344W6,2015,0,0,1,0,0.0,0.0,0.0,5.0,
05_05_3451W2,2015,5,1,2,3,3.0,0.0,1.0,5.0,
05_05_348W6,2015,0,1,0,1,1.0,0.0,3.0,5.0,
05_05_3J1,2015,0,0,1,6,3.0,11.0,3.0,5.0,
05_05_4J2,2015,0,0,1,2,0.0,0.0,0.0,5.0,
05_05_5J1,2015,0,0,0,0,0.0,0.0,0.0,5.0,
05_05_5J2,2015,0,1,0,0,2.0,1.0,2.0,5.0,
05_05_6J1,2015,0,0,1,0,0.0,0.0,1.0,5.0,
05_05_7L2,2015,0,0,0,0,1.0,0.0,1.0,5.0,
05_05_7L4,2015,12,24,10,28,21.0,41.0,31.0,5.0,
05_05_7L5,2015,8,20,10,12,5.0,26.0,21.0,5.0,
05_07_15J1,2015,2,6,3,4,4.0,9.0,5.0,5.0,
05_07_17J1,2015,1,2,2,1,1.0,2.0,0.0,5.0,
05_07_20W13,2015,1,1,0,0,1.0,1.0,0.0,5.0,
05_07_5W4,2015,2,0,1,0,1.0,0.0,1.0,4.0,
05_07_64J1,2015,2,2,0,0,0.0,0.0,1.0,5.0,
05_07_712J1,2015,0,4,3,1,5.0,1.0,2.0,5.0,
05_07_797W1,2015,4,15,4,7,11.0,11.0,11.0,4.0,
05_07_797W19,2015,4,4,4,7,1.0,5.0,3.0,5.0,
05_07_797W23,2015,3,4,6,7,8.0,8.0,10.0,5.0,
05_07_797W24,2015,9,32,5,20,8.0,26.0,14.0,5.0,
05_07_797W42,2015,1,4,3,3,3.0,9.0,4.0,5.0,
05_07_915W82,2015,11,22,12,7,19.0,10.0,16.0,5.0,
05_07_91W42,2015,0,1,3,3,0.0,0.0,1.0,5.0,
05_07_92W43,2015,6,4,7,10,2.0,21.0,15.0,,
05_07_92W54,2015,8,4,5,8,14.0,12.0,12.0,5.0,
05_07_93W40,2015,1,2,2,2,0.0,6.0,4.0,5.0,
05_07_93W42,2015,6,9,3,5,2.0,4.0,10.0,5.0,
05_07_95W3,2015,2,15,7,17,9.0,13.0,13.0,4.0,
05_07_96W40,2015,1,8,4,7,5.0,5.0,10.0,3.0,
05_07_96W42,2015,0,0,0,0,0.0,0.0,1.0,5.0,
05_07_98W19,2015,0,0,0,0,0.0,0.0,0.0,5.0,
05_07_98W48,2015,0,1,0,1,0.0,2.0,0.0,5.0,
05_07_98W49,2015,0,0,2,0,0.0,0.0,0.0,5.0,
05_07_99W62,2015,1,1,0,2,1.0,1.0,0.0,5.0,
05_07_H1,2015,0,0,0,0,0.0,0.0,0.0,,
05_07_H2,2015,0,0,0,0,0.0,0.0,0.0,,
05_09_0504,2015,0,1,1,0,1.0,1.0,0.0,,
05_09_0507,2015,0,0,0,0,0.0,0.0,0.0,,
05_09_1001W1,2015,1,3,1,2,3.0,5.0,8.0,5.0,
05_09_1003W1,2015,5,12,1,7,6.0,10.0,18.0,5.0,
05_09_1007G1,2015,6,3,2,10,9.0,1.0,20.0,5.0,
05_09_1015W2,2015,3,5,2,3,4.0,5.0,14.0,5.0,
05_09_1021W1,2015,5,9,6,8,10.0,5.0,19.0,5.0,
05_09_1021W2,2015,11,11,12,14,28.0,14.0,18.0,5.0,
05_09_1108W1,2015,8,10,6,11,20.0,9.0,14.0,5.0,
05_09_1108W2,2015,19,12,14,13,16.0,14.0,18.0,5.0,
05_09_501L1,2015,2,0,1,2,2.0,2.0,1.0,5.0,
05_09_503L1,2015,8,4,3,8,7.0,5.0,8.0,5.0,
05_09_503L4,2015,7,8,5,6,9.0,1.0,13.0,5.0,
05_09_516L2,2015,4,4,1,2,3.0,3.0,3.0,5.0,
05_09_701J1,2015,8,4,4,7,21.0,6.0,10.0,5.0,
05_09_704W1,2015,6,9,2,5,11.0,3.0,11.0,5.0,
05_09_705W1,2015,4,4,7,10,11.0,8.0,16.0,5.0,
05_09_901W3,2015,0,2,1,0,1.0,2.0,4.0,6.0,
05_09_905W1,2015,3,2,0,3,1.0,5.0,2.0,6.0,
05_09_909W3,2015,12,22,11,24,39.0,12.0,55.0,4.0,
05_09_M541,2015,0,0,0,0,0.0,0.0,0.0,,
05_12_1386,2015,0,0,0,0,0.0,0.0,0.0,5.0,
05_12_1387,2015,0,0,0,0,0.0,0.0,0.0,5.0,
05_12_1388,2015,0,0,0,0,0.0,0.0,0.0,5.0,
05_12_1392,2015,0,0,0,0,0.0,0.0,0.0,5.0,
05_12_1393,2015,0,0,0,0,0.0,0.0,0.0,5.0,
05_12_16W1,2015,2,0,2,0,1.0,1.0,0.0,5.0,
05_12_16W2,2015,0,1,1,0,1.0,0.0,0.0,5.0,
05_12_16W3,2015,0,2,1,1,1.0,2.0,0.0,5.0,
05_12_16W6,2015,3,3,1,1,2.0,2.0,2.0,5.0,
05_12_16W7,2015,0,0,2,2,7.0,1.0,2.0,5.0,
05_12_16W8,2015,0,0,1,0,1.0,2.0,1.0,5.0,
05_12_19W2,2015,0,0,1,2,2.0,0.0,0.0,5.0,
05_12_1J4,2015,0,0,2,1,1.0,0.0,1.0,,
05_12_1J901,2015,0,1,0,0,0.0,1.0,0.0,5.0,
05_12_1J902,2015,0,0,0,0,0.0,0.0,0.0,5.0,
05_12_1J904,2015,0,0,0,1,0.0,1.0,0.0,5.0,
05_12_2363,2015,0,0,0,0,0.0,0.0,0.0,,
05_12_2364,2015,0,0,0,0,0.0,0.0,0.0,,
05_12_23H1,2015,0,0,0,0,0.0,0.0,0.0,5.0,
05_12_23H2,2015,1,2,2,1,1.0,2.0,0.0,5.0,
05_12_23H4,2015,0,0,0,0,0.0,0.0,0.0,5.0,
05_12_23W3,2015,0,0,1,1,0.0,2.0,3.0,5.0,
05_12_24W2,2015,1,2,0,2,3.0,2.0,1.0,5.0,
05_12_25W2,2015,0,0,1,2,0.0,1.0,2.0,5.0,
05_12_29W1,2015,0,0,1,0,6.0,4.0,7.0,5.0,
05_12_29W4,2015,1,3,1,2,2.0,1.0,6.0,5.0,
05_12_2J1,2015,0,0,0,0,0.0,0.0,1.0,5.0,
05_12_2J2,2015,0,0,1,0,0.0,0.0,0.0,5.0,
05_12_2W1,2015,2,3,0,0,2.0,1.0,3.0,5.0,
05_12_2W2,2015,0,0,0,0,0.0,0.0,0.0,5.0,
05_12_37W3,2015,1,2,1,0,1.0,0.0,0.0,5.0,
05_12_37W6,2015,0,0,1,0,0.0,0.0,2.0,5.0,
05_12_37W8,2015,0,0,0,0,1.0,0.0,1.0,,
05_12_37W9,2015,1,0,0,0,0.0,0.0,1.0,,
05_12_40J2,2015,1,1,0,2,0.0,3.0,1.0,5.0,
05_12_67J1,2015,1,0,0,1,0.0,1.0,0.0,5.0,
05_12_67J2,2015,0,0,0,0,0.0,3.0,0.0,5.0,
05_12_67J3,2015,0,0,0,0,0.0,0.0,0.0,5.0,
05_12_67J4,2015,0,0,0,0,2.0,1.0,0.0,5.0,
05_12_6C1,2015,0,0,1,0,0.0,0.0,0.0,4.0,
05_12_6C3,2015,0,0,0,0,0.0,0.0,0.0,4.0,
05_12_6C4,2015,0,0,0,0,0.0,0.0,0.0,4.0,
05_12_6J9,2015,0,0,1,0,0.0,0.0,0.0,4.0,
05_12_72L1,2015,0,0,0,0,1.0,3.0,0.0,5.0,
05_12_7J1,2015,0,0,0,0,0.0,1.0,1.0,5.0,
05_12_7J6,2015,0,0,0,0,0.0,1.0,0.0,5.0,
05_12_7J7,2015,0,0,0,0,0.0,0.0,1.0,5.0,
05_12_96W1,2015,1,1,0,0,3.0,2.0,3.0,5.0,
05_14_13J5,2015,0,0,0,0,0.0,0.0,0.0,5.0,
05_14_16L4,2015,2,4,6,7,6.0,2.0,4.0,5.0,
05_14_18L3,2015,4,5,1,8,6.0,3.0,17.0,5.0,
05_14_2380,2015,0,0,0,0,0.0,0.0,0.0,,
05_14_2386,2015,0,0,0,1,0.0,0.0,0.0,,
05_14_3L2,2015,1,1,4,0,5.0,2.0,4.0,4.0,
05_14_3L4,2015,1,1,4,4,5.0,2.0,4.0,5.0,
05_14_43L2,2015,6,3,3,9,6.0,0.0,5.0,5.0,
05_14_43L3,2015,3,5,4,3,4.0,4.0,6.0,5.0,
05_14_43L6,2015,3,3,4,0,4.0,1.0,3.0,5.0,
05_14_43L8,2015,0,0,0,0,0.0,2.0,0.0,5.0,
05_14_48L1,2015,1,1,0,2,13.0,4.0,1.0,4.0,
05_14_55L1,2015,5,5,1,9,6.0,6.0,12.0,4.0,
05_14_56L2,2015,4,9,2,5,11.0,8.0,8.0,5.0,
05_14_57L2,2015,6,6,9,4,2.0,13.0,16.0,4.0,
05_14_57L3,2015,14,13,5,10,20.0,24.0,21.0,5.0,
05_14_57L4,2015,1,0,1,1,3.0,1.0,2.0,5.0,
05_14_5J14,2015,3,1,3,1,1.0,0.0,2.0,5.0,
05_14_60L1,2015,5,7,9,9,13.0,9.0,9.0,5.0,
05_14_73L1,2015,12,15,8,14,12.0,14.0,17.0,5.0,
05_14_73L2,2015,6,1,2,6,6.0,12.0,7.0,5.0,
05_14_74L1,2015,5,5,6,8,8.0,3.0,13.0,5.0,
05_14_75L3,2015,8,7,1,6,11.0,12.0,11.0,5.0,
05_14_75L4,2015,0,2,1,1,4.0,2.0,2.0,5.0,
05_14_75L5,2015,2,4,1,10,5.0,5.0,4.0,4.0,
05_14_76L1,2015,3,7,6,6,13.0,6.0,16.0,5.0,
05_14_78L3,2015,1,7,6,2,3.0,2.0,3.0,5.0,
05_14_7L4,2015,6,2,4,8,15.0,9.0,10.0,,
05_01_11J333,2016,0,0,0,0,0.0,0.0,,5.0,
05_01_23W3,2016,1,2,1,9,5.0,1.0,,5.0,
05_01_23W4,2016,1,1,0,2,2.0,2.0,,,
05_01_24W2,2016,2,5,2,6,2.0,4.0,,5.0,
05_01_26W1,2016,3,7,3,2,2.0,5.0,,5.0,
05_01_26W2,2016,2,1,2,6,6.0,7.0,,5.0,
05_01_304W1,2016,9,6,8,3,6.0,10.0,,5.0,
05_01_304W5,2016,17,8,13,8,9.0,10.0,,5.0,
05_01_304W6,2016,16,16,19,22,21.0,41.0,,5.0,
05_01_406L1,2016,3,4,5,7,8.0,8.0,,5.0,
05_01_413L6,2016,0,0,0,0,0.0,0.0,,,
05_01_525L2,2016,27,15,21,31,12.0,46.0,,5.0,
05_01_55W1,2016,8,7,11,24,6.0,21.0,,4.0,
05_01_601W1,2016,1,1,0,0,0.0,0.0,,5.0,
05_01_601W2,2016,0,0,1,0,0.0,0.0,,5.0,
05_01_601W4,2016,0,0,0,0,0.0,0.0,,,
05_01_609W1,2016,10,8,16,28,19.0,25.0,,5.0,
05_01_610W3,2016,5,2,4,1,6.0,2.0,,7.0,
05_01_8J365,2016,0,0,4,1,2.0,1.0,,,
05_01_9J327,2016,0,0,0,0,0.0,0.0,,5.0,
05_05_106W46,2016,0,0,0,0,0.0,0.0,,5.0,
05_05_106W81,2016,1,1,0,1,0.0,0.0,,5.0,
05_05_115W42,2016,0,0,0,0,0.0,3.0,,6.0,
05_05_115W44,2016,0,0,0,1,1.0,0.0,,5.0,
05_05_115W51,2016,0,0,0,0,0.0,0.0,,5.0,
05_05_115W53,2016,3,4,0,0,5.0,5.0,,5.0,
05_05_115W54,2016,1,0,0,1,0.0,0.0,,5.0,
05_05_11W81,2016,6,4,1,6,7.0,10.0,,4.0,1.0
05_05_11W83,2016,4,1,5,5,8.0,5.0,,4.0,1.0
05_05_1J3,2016,0,0,1,0,1.0,0.0,,5.0,
05_05_1J4,2016,0,0,0,0,4.0,2.0,,5.0,
05_05_2J1,2016,1,0,0,0,1.0,0.0,,5.0,
05_05_2J2,2016,0,0,0,0,0.0,0.0,,6.0,
05_05_310W5,2016,4,1,5,8,7.0,11.0,,5.0,
05_05_318W5,2016,2,1,2,1,1.0,5.0,,,
05_05_332W1,2016,4,5,8,7,1.0,11.0,,5.0,
05_05_335W1,2016,4,3,1,6,4.0,9.0,,5.0,
05_05_335W2,2016,2,0,0,2,1.0,1.0,,5.0,
05_05_335W4,2016,1,1,0,1,0.0,2.0,,5.0,
05_05_335W5,2016,4,1,7,7,4.0,3.0,,5.0,
05_05_336W2,2016,0,0,1,0,0.0,0.0,,5.0,
05_05_336W3,2016,4,2,3,3,4.0,4.0,,5.0,
05_05_341W1,2016,3,3,5,3,3.0,8.0,,5.0,
05_05_341W2,2016,0,3,3,3,0.0,4.0,,5.0,
05_05_3422W3,2016,1,2,1,1,3.0,3.0,,5.0,
05_05_344W1,2016,3,2,2,3,5.0,5.0,,5.0,
05_05_344W5,2016,5,5,5,6,10.0,8.0,,5.0,
05_05_3J2,2016,4,1,1,1,0.0,8.0,,5.0,
05_05_3J3,2016,3,3,1,3,5.0,6.0,,5.0,
05_05_8L3,2016,4,5,4,6,8.0,16.0,,5.0,
05_05_9L1,2016,5,0,3,4,9.0,23.0,,5.0,
05_05_9L3,2016,3,2,0,3,1.0,6.0,,5.0,
05_05_9L4,2016,2,1,2,2,9.0,7.0,,5.0,
05_05_9L6,2016,1,0,1,0,7.0,1.0,,5.0,
05_07_1104,2016,0,0,0,0,0.0,0.0,,5.0,
05_07_11W1,2016,3,1,5,2,2.0,0.0,,5.0,
05_07_11W3,2016,0,0,0,0,1.0,0.0,,5.0,
05_07_11W4,2016,2,0,2,3,1.0,3.0,,5.0,
05_07_1J11,2016,0,0,0,0,0.0,0.0,,5.0,
05_07_1J9,2016,0,0,0,0,0.0,0.0,,5.0,
05_07_1W4,2016,2,1,1,2,3.0,1.0,,5.0,
05_07_2W1,2016,2,3,2,1,1.0,3.0,,5.0,
05_07_2W2,2016,0,1,1,0,0.0,3.0,,5.0,
05_07_3J3,2016,1,0,0,1,0.0,1.0,,4.0,
05_07_3W4,2016,0,0,0,0,0.0,0.0,,5.0,
05_07_40J1,2016,0,0,1,0,0.0,0.0,,4.0,
05_07_4J1,2016,1,0,0,0,0.0,0.0,,5.0,
05_07_4J2,2016,0,0,1,0,0.0,2.0,,5.0,
05_07_4J4,2016,0,0,0,0,0.0,0.0,,5.0,
05_07_602W100,2016,1,0,1,0,0.0,0.0,,4.0,
05_07_910W26,2016,0,0,0,0,0.0,0.0,,,
05_07_910W51,2016,25,4,7,9,12.0,18.0,,5.0,
05_07_911W13,2016,4,2,6,3,3.0,1.0,,5.0,
05_07_911W57,2016,0,0,0,0,0.0,0.0,,5.0,
05_07_911W77,2016,4,1,3,0,4.0,4.0,,5.0,
05_07_912W21,2016,10,3,5,3,9.0,8.0,,5.0,
05_07_912W73,2016,4,1,2,4,3.0,1.0,,5.0,
05_07_912W74,2016,13,3,4,4,7.0,7.0,,5.0,
05_07_913W47,2016,2,1,0,1,5.0,3.0,,5.0,
05_07_92W44,2016,4,2,2,6,5.0,8.0,,5.0,
05_07_93W43,2016,9,5,8,3,11.0,8.0,,5.0,
05_07_94W40,2016,0,3,3,1,3.0,1.0,,5.0,
05_07_94W41,2016,4,3,4,0,0.0,0.0,,5.0,
05_07_94W42,2016,1,0,1,1,0.0,0.0,,5.0,
05_07_94W43,2016,3,3,3,2,2.0,0.0,,5.0,
05_07_94W44,2016,3,0,0,2,3.0,0.0,,5.0,
05_07_95W2,2016,11,12,8,12,16.0,14.0,,5.0,
05_07_98W10,2016,1,1,3,2,1.0,4.0,,5.0,
05_09_1003W2,2016,26,19,42,33,29.0,51.0,,5.0,
05_09_1009W1,2016,1,1,0,1,0.0,1.0,,4.0,
05_09_1013H1,2016,0,0,0,0,0.0,0.0,,4.0,
05_09_1015W1,2016,7,5,17,18,4.0,33.0,,5.0,
05_09_1018K1,2016,1,1,0,1,0.0,1.0,,7.0,
05_09_1050M1050,2016,0,0,0,0,0.0,0.0,,6.0,
05_09_1051M1050,2016,0,0,0,0,0.0,0.0,,,
05_09_1052M1050,2016,0,1,0,0,0.0,0.0,,,
05_09_1053M1050,2016,0,0,0,0,0.0,0.0,,,
05_09_1102W1,2016,8,14,45,27,18.0,33.0,,4.0,
05_09_1103W1,2016,14,10,25,15,11.0,28.0,,5.0,
05_09_1103W2,2016,2,3,18,21,8.0,21.0,,4.0,
05_09_1109W1,2016,49,46,115,93,52.0,116.0,,5.0,
05_09_507L1,2016,34,12,22,13,6.0,14.0,,4.0,1.0
05_09_507L2,2016,6,5,9,1,2.0,5.0,,4.0,1.0
05_09_507L3,2016,6,2,8,8,10.0,4.0,,4.0,1.0
05_09_508L5,2016,1,1,1,0,0.0,3.0,,5.0,
05_09_508L50,2016,0,0,0,0,1.0,0.0,,5.0,
05_09_509L1,2016,5,4,7,8,3.0,17.0,,5.0,
05_09_523L4,2016,4,2,6,5,3.0,11.0,,4.0,
05_09_702W3,2016,8,1,30,10,8.0,17.0,,5.0,
05_09_909W4,2016,4,3,12,11,11.0,10.0,,5.0,
05_12_10C1,2016,0,0,0,0,0.0,0.0,,5.0,
05_12_10C2,2016,0,0,0,0,0.0,0.0,,5.0,
05_12_10J4,2016,0,0,0,0,0.0,0.0,,5.0,
05_12_10J5,2016,0,1,0,0,1.0,0.0,,5.0,
05_12_10J6,2016,0,0,0,0,0.0,0.0,,5.0,
05_12_12J4,2016,0,0,0,0,0.0,0.0,,5.0,
05_12_1381,2016,0,0,0,0,0.0,0.0,,5.0,
05_12_1383,2016,0,0,0,0,0.0,0.0,,5.0,
05_12_16J1,2016,1,0,0,0,0.0,0.0,,5.0,
05_12_16J2,2016,0,0,1,0,0.0,0.0,,5.0,
05_12_16J3,2016,0,0,0,0,0.0,0.0,,5.0,
05_12_16J4,2016,0,0,0,0,0.0,0.0,,5.0,
05_12_16J5,2016,0,0,0,0,1.0,0.0,,5.0,
05_12_16W4,2016,1,0,0,1,0.0,0.0,,5.0,
05_12_21J21,2016,0,0,0,0,0.0,0.0,,5.0,
05_12_21J32,2016,0,0,0,0,0.0,0.0,,5.0,
05_12_22J1,2016,1,0,0,0,0.0,1.0,,5.0,
05_12_22J2,2016,0,0,0,0,0.0,0.0,,5.0,
05_12_22J3,2016,0,0,0,0,0.0,0.0,,5.0,
05_12_22J4,2016,0,0,0,2,0.0,0.0,,5.0,
05_12_22J5,2016,0,0,0,0,0.0,0.0,,5.0,
05_12_22J6,2016,0,0,0,0,0.0,0.0,,5.0,
05_12_22J7,2016,0,0,0,0,0.0,0.0,,5.0,
05_12_22W5,2016,0,0,0,1,0.0,0.0,,,
05_12_24J1,2016,0,0,1,0,0.0,0.0,,5.0,
05_12_24J10,2016,2,0,8,3,3.0,1.0,,5.0,
05_12_24J11,2016,1,0,5,0,0.0,0.0,,5.0,
05_12_24J2,2016,1,0,0,0,0.0,0.0,,5.0,
05_12_24J4,2016,0,0,0,0,0.0,0.0,,5.0,
05_12_24J6,2016,0,0,0,0,0.0,0.0,,5.0,
05_12_24J7,2016,0,0,0,0,0.0,0.0,,5.0,
05_12_24J8,2016,0,0,0,0,0.0,0.0,,5.0,
05_12_24J9,2016,0,0,0,0,0.0,0.0,,5.0,
05_12_24W1,2016,2,0,4,2,6.0,2.0,,5.0,
05_12_25W4,2016,3,1,7,5,1.0,7.0,,5.0,
05_12_26L1,2016,18,14,25,26,23.0,23.0,,5.0,
05_12_28J1,2016,0,0,1,1,1.0,0.0,,5.0,
05_12_28J2,2016,0,0,0,0,0.0,0.0,,5.0,
05_12_29W2,2016,1,0,1,0,1.0,1.0,,5.0,
05_12_37J1,2016,0,0,0,0,0.0,0.0,,5.0,
05_12_37J3,2016,0,0,2,1,0.0,0.0,,5.0,
05_12_37W10,2016,1,0,3,0,1.0,3.0,,,
05_12_3J903,2016,0,0,0,0,1.0,0.0,,5.0,
05_12_49W6,2016,3,0,4,1,1.0,1.0,,,
05_12_4C1,2016,0,0,0,0,0.0,0.0,,5.0,
05_12_4C4,2016,0,0,0,0,0.0,0.0,,,
05_12_51L3,2016,10,6,20,7,15.0,21.0,,5.0,
05_12_52J1,2016,0,0,0,0,0.0,0.0,,5.0,
05_12_52J2,2016,1,1,3,3,2.0,1.0,,5.0,
05_12_5J4,2016,0,0,0,0,0.0,0.0,,,
05_12_64J1,2016,0,0,1,0,1.0,0.0,,5.0,
05_12_64J2,2016,0,0,0,0,0.0,0.0,,5.0,
05_12_64J3,2016,0,0,0,1,0.0,0.0,,5.0,
05_12_64J4,2016,0,0,0,2,0.0,0.0,,5.0,
05_12_64J5,2016,0,0,0,0,5.0,0.0,,5.0,
05_12_69J1,2016,0,0,0,0,0.0,0.0,,5.0,
05_12_7J2,2016,0,0,3,0,0.0,0.0,,7.0,
05_12_9C1,2016,0,0,0,2,0.0,0.0,,5.0,
05_12_9C2,2016,0,1,0,0,0.0,0.0,,5.0,
05_12_9C3,2016,0,0,2,2,1.0,0.0,,5.0,
05_12_9C4,2016,0,0,0,0,0.0,0.0,,5.0,
05_12_9C5,2016,0,0,0,0,0.0,0.0,,5.0,
05_12_9C6,2016,0,0,1,0,1.0,1.0,,5.0,
05_12_9C7,2016,0,0,0,0,0.0,0.0,,5.0,
05_14_14J3,2016,0,0,0,0,0.0,0.0,,4.0,
05_14_14L1,2016,2,1,4,3,0.0,9.0,,5.0,
05_14_16L2,2016,0,0,0,0,0.0,1.0,,4.0,
05_14_18J1,2016,0,0,1,0,0.0,2.0,,4.0,
05_14_211L1,2016,2,1,1,5,3.0,2.0,,4.0,
05_14_211L2,2016,9,8,9,5,9.0,21.0,,5.0,
05_14_24L2,2016,9,6,12,10,8.0,22.0,,5.0,
05_14_24L3,2016,2,1,8,4,3.0,8.0,,5.0,
05_14_2L4,2016,1,0,0,2,0.0,2.0,,5.0,
05_14_308,2016,1,0,0,0,0.0,0.0,,,
05_14_318,2016,0,0,0,0,0.0,0.0,,,
05_14_319,2016,0,0,0,0,0.0,0.0,,,
05_14_36L1,2016,5,0,2,6,3.0,3.0,,4.0,
05_14_36L2,2016,2,2,2,4,2.0,1.0,,4.0,
05_14_3L1,2016,0,0,0,0,0.0,0.0,,,
05_14_47L1,2016,20,8,16,27,10.0,23.0,,5.0,
05_14_47L2,2016,11,15,25,21,11.0,22.0,,5.0,
05_14_56L1,2016,0,1,0,3,1.0,1.0,,4.0,
05_14_56L3,2016,26,20,24,29,31.0,24.0,,5.0,
05_14_59L3,2016,5,8,10,13,9.0,11.0,,5.0,
05_14_59L6,2016,0,2,10,13,6.0,7.0,,5.0,
05_14_70L6,2016,6,7,7,10,6.0,5.0,,5.0,
05_14_71L3,2016,0,2,8,4,0.0,0.0,,5.0,
05_14_92L2,2016,6,3,2,8,4.0,9.0,,5.0,
05_14_92L3,2016,1,0,2,4,0.0,4.0,,4.0,
05_14_92L4,2016,3,3,2,2,2.0,2.0,,4.0,
05_14_92L6,2016,1,5,3,9,7.0,7.0,,5.0,
05_01_201W2,2017,16,25,37,24,47.0,,,5.0,
05_01_207W1,2017,0,1,0,0,1.0,,,5.0,
05_01_207W3,2017,0,1,1,1,3.0,,,6.0,
05_01_207W4,2017,2,1,1,1,1.0,,,5.0,
05_01_216W3,2017,2,7,2,0,2.0,,,5.0,
05_01_216W4,2017,1,7,6,5,4.0,,,5.0,
05_01_216W5,2017,2,2,6,0,4.0,,,5.0,
05_01_219W2,2017,2,8,0,3,3.0,,,5.0,
05_01_27W5,2017,2,0,3,4,6.0,,,,
05_01_406L3,2017,6,10,14,9,15.0,,,5.0,
05_01_408L1,2017,3,1,3,3,8.0,,,5.0,
05_01_408L2,2017,0,2,4,8,10.0,,,5.0,
05_01_412L3,2017,0,0,0,0,0.0,,,5.0,
05_01_413L4,2017,3,1,5,1,3.0,,,5.0,
05_01_415L2,2017,9,10,14,7,12.0,,,5.0,
05_01_552L3,2017,6,5,8,4,10.0,,,5.0,
05_01_602W2,2017,3,10,6,5,9.0,,,4.0,
05_01_HT34,2017,0,0,0,0,0.0,,,,
05_01_HT42,2017,0,3,1,1,1.0,,,6.0,
05_05_108W51,2017,0,1,3,0,3.0,,,5.0,
05_05_11W81,2017,4,1,11,7,10.0,,,1.0,
05_05_11W82,2017,1,1,3,1,6.0,,,5.0,
05_05_11W83,2017,1,5,9,8,5.0,,,1.0,
05_05_11W84,2017,4,8,9,11,15.0,,,5.0,
05_05_17J1,2017,0,0,0,0,0.0,,,7.0,
05_05_19W73,2017,3,6,16,12,12.0,,,5.0,
05_05_19W74,2017,5,4,16,17,8.0,,,5.0,
05_05_2284,2017,0,0,0,0,0.0,,,,
05_05_311W2,2017,4,3,8,3,4.0,,,5.0,
05_05_312W1,2017,2,2,6,7,5.0,,,5.0,
05_05_312W4,2017,8,6,7,6,10.0,,,5.0,
05_05_312W5,2017,1,0,0,1,0.0,,,5.0,
05_05_313W4,2017,3,3,3,1,3.0,,,5.0,
05_05_314W4,2017,0,2,7,1,3.0,,,,
05_05_317W4,2017,0,1,5,3,5.0,,,5.0,
05_05_317W5,2017,0,0,0,0,0.0,,,5.0,
05_05_318W3,2017,6,10,11,11,16.0,,,5.0,
05_05_320W3,2017,6,5,10,5,6.0,,,5.0,
05_05_321W2,2017,9,10,20,12,26.0,,,,
05_05_321W5,2017,1,0,1,0,4.0,,,5.0,
05_05_321W9,2017,0,0,8,6,6.0,,,5.0,
05_07_28J1,2017,2,0,0,0,0.0,,,5.0,
05_07_4J3,2017,0,1,0,0,0.0,,,4.0,
05_07_5W3,2017,2,4,2,0,2.0,,,5.0,
05_07_601W79,2017,0,0,0,0,0.0,,,4.0,
05_07_67J1,2017,2,1,1,2,1.0,,,5.0,
05_07_68J1,2017,1,0,0,0,0.0,,,5.0,
05_07_6W1,2017,1,2,3,1,5.0,,,5.0,
05_07_6W2,2017,0,2,2,1,3.0,,,5.0,
05_07_797W20,2017,3,3,8,2,3.0,,,4.0,
05_07_912W55,2017,8,13,8,13,19.0,,,5.0,
05_07_913W17,2017,4,4,6,5,3.0,,,5.0,
05_07_913W18,2017,0,3,1,1,0.0,,,5.0,
05_07_913W43,2017,2,7,15,13,6.0,,,5.0,
05_07_913W67,2017,2,0,0,1,0.0,,,5.0,
05_07_913W69,2017,2,8,12,3,8.0,,,5.0,
05_07_915W37,2017,6,7,4,7,7.0,,,5.0,
05_07_91W43,2017,2,1,1,1,2.0,,,4.0,
05_07_92W78,2017,6,8,18,16,11.0,,,5.0,
05_07_95W5,2017,3,7,6,14,13.0,,,5.0,
05_07_96W41,2017,3,8,11,12,14.0,,,5.0,
05_07_97W1,2017,0,0,2,0,2.0,,,5.0,
05_07_97W4,2017,0,0,3,1,2.0,,,4.0,
05_07_98W44,2017,0,0,3,10,1.0,,,5.0,
05_07_98W46,2017,0,0,1,1,3.0,,,5.0,
05_07_99W61,2017,2,5,3,1,5.0,,,5.0,
05_09_1003,2017,0,0,0,0,0.0,,,,
05_09_1004,2017,0,0,0,0,0.0,,,,
05_09_1005,2017,0,0,0,0,0.0,,,,
05_09_1109W3,2017,39,54,37,33,66.0,,,5.0,
05_09_503L2,2017,10,10,15,6,21.0,,,4.0,
05_09_507L1,2017,12,22,24,6,14.0,,,1.0,
05_09_507L2,2017,5,9,8,2,5.0,,,1.0,
05_09_507L3,2017,2,8,6,10,4.0,,,1.0,
05_09_527L1,2017,8,20,11,4,20.0,,,4.0,
05_09_604W3,2017,3,12,8,7,25.0,,,5.0,
05_09_702W1,2017,16,36,20,11,32.0,,,5.0,
05_09_901W2,2017,3,4,2,0,2.0,,,5.0,
05_09_909W1,2017,1,4,1,2,4.0,,,5.0,
05_09_909W2,2017,1,5,3,2,3.0,,,5.0,
05_12_11J1,2017,0,0,0,0,0.0,,,5.0,
05_12_11J13,2017,0,0,0,0,0.0,,,5.0,
05_12_11J2,2017,0,1,0,0,0.0,,,5.0,
05_12_11J3,2017,0,1,0,0,1.0,,,5.0,
05_12_11J4,2017,0,1,0,0,0.0,,,5.0,
05_12_12J2,2017,0,0,0,0,0.0,,,5.0,
05_12_12J3,2017,0,0,0,0,0.0,,,5.0,
05_12_12J5,2017,0,2,0,0,2.0,,,5.0,
05_12_12J6,2017,0,0,0,0,0.0,,,5.0,
05_12_12J7,2017,0,0,0,0,0.0,,,5.0,
05_12_12J902,2017,0,0,0,0,0.0,,,5.0,
05_12_12J903,2017,0,0,0,0,0.0,,,5.0,
05_12_12J904,2017,0,0,0,0,0.0,,,5.0,
05_12_12L2,2017,2,8,1,3,0.0,,,5.0,
05_12_1391,2017,1,1,0,0,1.0,,,5.0,
05_12_21J23,2017,0,0,0,0,0.0,,,5.0,
05_12_21J24,2017,0,0,0,0,0.0,,,5.0,
05_12_21J25,2017,0,0,0,0,0.0,,,5.0,
05_12_21J27,2017,0,0,0,0,0.0,,,5.0,
05_12_21J28,2017,0,0,0,0,1.0,,,5.0,
05_12_21J29,2017,0,0,0,0,0.0,,,5.0,
05_12_21J30,2017,0,0,0,0,0.0,,,5.0,
05_12_21J33,2017,0,0,0,0,0.0,,,5.0,
05_12_21J34,2017,0,0,0,0,0.0,,,5.0,
05_12_21J37,2017,0,0,0,0,0.0,,,5.0,
05_12_21J41,2017,0,0,0,0,0.0,,,5.0,
05_12_22W1,2017,1,1,3,1,2.0,,,5.0,
05_12_2305,2017,0,0,0,0,0.0,,,,
05_12_2310,2017,0,0,0,0,0.0,,,,
05_12_2318,2017,0,0,0,0,0.0,,,,
05_12_2343,2017,0,0,0,0,0.0,,,,
05_12_2350,2017,0,0,0,0,0.0,,,,
05_12_2361,2017,0,0,0,0,0.0,,,,
05_12_2391,2017,0,0,0,0,0.0,,,,
05_12_23H3,2017,1,0,0,0,0.0,,,4.0,
05_12_23W2,2017,1,6,2,1,4.0,,,5.0,
05_12_25W1,2017,0,5,4,2,4.0,,,5.0,
05_12_25W3,2017,0,0,0,0,1.0,,,5.0,
05_12_29W5,2017,0,0,0,0,2.0,,,5.0,
05_12_35J1,2017,0,3,0,0,1.0,,,4.0,
05_12_35J2,2017,0,0,0,1,1.0,,,4.0,
05_12_35J3,2017,0,0,0,1,0.0,,,4.0,
05_12_35J4,2017,0,5,0,1,0.0,,,4.0,
05_12_37J2,2017,0,1,0,0,0.0,,,5.0,
05_12_37J4,2017,0,0,0,0,0.0,,,5.0,
05_12_37W1,2017,0,3,1,1,0.0,,,5.0,
05_12_37W2,2017,0,0,1,0,0.0,,,5.0,
05_12_37W5,2017,1,7,6,3,5.0,,,4.0,
05_12_37W7,2017,0,0,0,0,0.0,,,5.0,
05_12_3J901,2017,0,0,1,1,0.0,,,5.0,
05_12_40J1,2017,1,0,0,1,0.0,,,5.0,
05_12_40J3,2017,0,0,0,0,0.0,,,5.0,
05_12_40J4,2017,0,2,0,0,1.0,,,5.0,
05_12_40L1,2017,0,2,0,4,3.0,,,5.0,
05_12_4C5,2017,0,0,0,0,0.0,,,5.0,
05_12_4J7,2017,0,0,1,0,0.0,,,5.0,
05_12_4J8,2017,0,0,0,0,0.0,,,5.0,
05_12_51L1,2017,5,4,7,2,17.0,,,5.0,
05_12_5C1,2017,0,0,0,0,0.0,,,5.0,
05_12_5C2,2017,0,1,0,0,0.0,,,5.0,
05_12_5C3,2017,0,1,1,0,1.0,,,5.0,
05_12_5J10,2017,0,0,0,0,0.0,,,5.0,
05_12_5J11,2017,0,0,0,0,0.0,,,5.0,
05_12_79J1,2017,1,0,0,0,0.0,,,5.0,
05_12_79J2,2017,0,1,1,0,0.0,,,5.0,
05_12_7J901,2017,2,1,0,0,0.0,,,5.0,
05_12_7J902,2017,0,1,0,0,0.0,,,5.0,
05_12_7J903,2017,0,0,0,0,3.0,,,5.0,
05_12_7W1,2017,0,0,0,0,1.0,,,5.0,
05_12_7W2,2017,0,4,0,0,0.0,,,5.0,
05_12_7W3,2017,0,0,0,0,1.0,,,5.0,
05_12_7W4,2017,0,2,1,1,2.0,,,5.0,
05_14_1312A,2017,0,0,0,0,0.0,,,,
05_14_1314A,2017,0,0,0,0,0.0,,,,
05_14_21L1,2017,2,3,2,4,5.0,,,4.0,
05_14_21L2,2017,2,2,4,1,3.0,,,4.0,
05_14_21L3,2017,0,1,0,2,1.0,,,5.0,
05_14_2329,2017,0,0,0,0,0.0,,,,
05_14_2329B,2017,0,0,0,0,0.0,,,,
05_14_2378,2017,0,0,0,0,0.0,,,,
05_14_2381,2017,0,0,0,0,0.0,,,,
05_14_2403,2017,0,1,0,0,0.0,,,,
05_14_306,2017,0,0,0,0,0.0,,,,
05_14_307,2017,0,0,0,0,0.0,,,,
05_14_309,2017,0,0,0,0,0.0,,,,
05_14_312,2017,0,0,0,0,0.0,,,,
05_14_313,2017,0,0,0,0,0.0,,,,
05_14_314,2017,0,0,0,0,0.0,,,,
05_14_316,2017,0,0,0,0,0.0,,,,
05_14_317,2017,0,0,0,0,0.0,,,,
05_14_54L1,2017,0,0,1,0,0.0,,,4.0,
05_14_54L2,2017,0,0,0,0,0.0,,,5.0,
05_14_54L3,2017,15,23,22,12,21.0,,,4.0,
05_14_58L1,2017,5,6,11,7,12.0,,,5.0,
05_14_58L2,2017,7,8,9,7,11.0,,,5.0,
05_14_58L3,2017,3,5,4,3,8.0,,,5.0,
05_14_63L1,2017,2,3,4,2,3.0,,,5.0,
05_14_63L2,2017,1,3,3,0,2.0,,,5.0,
05_14_70L3,2017,6,6,4,5,8.0,,,5.0,
05_14_70L4,2017,1,2,3,1,1.0,,,5.0,
05_14_70L5,2017,2,12,15,5,12.0,,,5.0,
05_14_70L8,2017,4,8,16,9,14.0,,,5.0,
05_14_74L2,2017,0,1,2,2,2.0,,,5.0,
05_14_74L3,2017,3,3,5,2,5.0,,,5.0,
05_14_74L4,2017,0,2,0,3,1.0,,,5.0,
05_14_74L6,2017,1,1,1,2,1.0,,,4.0,
05_14_75L1,2017,2,1,2,1,1.0,,,5.0,
05_14_75L2,2017,3,5,10,3,10.0,,,5.0,
05_14_75L6,2017,3,2,5,5,5.0,,,4.0,
05_14_76L3,2017,5,7,8,7,4.0,,,5.0,
05_14_77L3,2017,1,1,0,3,3.0,,,5.0,
05_14_78L9,2017,3,3,3,2,7.0,,,5.0,
05_14_7L1,2017,5,0,3,3,2.0,,,5.0,
05_14_8L3,2017,0,0,0,1,0.0,,,5.0,
05_01_0012,2018,0,2,0,0,,,,,
05_01_10J323,2018,0,2,3,1,,,,5.0,
05_01_10J366,2018,0,1,0,1,,,,4.0,
05_01_11J314,2018,0,0,4,6,,,,5.0,
05_01_11J330,2018,2,0,1,3,,,,4.0,
05_01_11J334,2018,0,1,0,0,,,,4.0,
05_01_11J346,2018,0,2,2,3,,,,4.0,
05_01_11J347,2018,0,0,0,3,,,,4.0,
05_01_11J354,2018,0,2,5,5,,,,4.0,
05_01_12J378,2018,3,6,5,11,,,,5.0,
05_01_16J2,2018,2,3,5,1,,,,5.0,
05_01_18J394,2018,0,0,1,1,,,,5.0,
05_01_1J362,2018,0,11,5,15,,,,5.0,
05_01_1J363,2018,0,1,1,2,,,,5.0,
05_01_1J369,2018,0,0,2,1,,,,5.0,
05_01_1J370,2018,0,5,2,4,,,,5.0,
05_01_207W2,2018,0,3,3,1,,,,5.0,
05_01_207W6,2018,1,2,2,3,,,,5.0,
05_01_216W1,2018,0,1,1,0,,,,4.0,
05_01_216W2,2018,0,0,0,1,,,,5.0,
05_01_216W6,2018,0,0,1,3,,,,,
05_01_219W1,2018,0,5,2,1,,,,4.0,
05_01_219W5,2018,0,0,0,0,,,,5.0,
05_01_225W1,2018,3,2,7,3,,,,4.0,
05_01_225W3,2018,5,7,9,9,,,,4.0,
05_01_24W4,2018,9,6,3,7,,,,5.0,
05_01_26W3,2018,8,15,24,15,,,,5.0,
05_01_2J328,2018,0,0,2,4,,,,5.0,
05_01_2J349,2018,2,5,4,2,,,,5.0,
05_01_3J341,2018,2,0,0,0,,,,5.0,
05_01_3J371,2018,1,0,0,0,,,,5.0,
05_01_3J372,2018,18,19,20,22,,,,5.0,
05_01_3J373,2018,0,0,0,0,,,,5.0,
05_01_3J374,2018,0,1,1,2,,,,5.0,
05_01_406L2,2018,0,0,0,0,,,,5.0,
05_01_406L4,2018,0,0,0,0,,,,6.0,
05_01_412L2,2018,0,0,0,0,,,,5.0,
05_01_412L4,2018,1,1,0,0,,,,5.0,
05_01_412L6,2018,0,0,0,3,,,,5.0,
05_01_413L1,2018,0,2,1,4,,,,5.0,
05_01_4J339,2018,0,0,0,0,,,,5.0,
05_01_4J348,2018,0,0,0,0,,,,5.0,
05_01_552L1,2018,0,0,0,0,,,,5.0,
05_01_55W3,2018,0,0,0,0,,,,,
05_01_602W3,2018,0,0,0,0,,,,5.0,
05_01_6J312,2018,0,0,0,0,,,,5.0,
05_01_6J356,2018,0,0,1,2,,,,5.0,
05_01_8888W88,2018,0,1,0,1,,,,,
05_01_8J364,2018,1,1,5,4,,,,5.0,
05_01_8J389,2018,2,0,1,1,,,,5.0,
05_01_9J307,2018,2,1,3,3,,,,5.0,
05_01_HT32,2018,1,2,2,3,,,,,
05_01_HT45,2018,3,0,1,1,,,,,
05_01_HT48,2018,0,0,0,0,,,,7.0,
05_01_HT52,2018,9,16,15,26,,,,,
05_01_PM1,2018,0,3,2,5,,,,,
05_01_PM2,2018,0,0,0,0,,,,,
05_05_106W44,2018,0,4,1,0,,,,4.0,
05_05_106W82,2018,0,0,0,0,,,,5.0,
05_05_108W60,2018,0,0,0,0,,,,4.0,
05_05_2276,2018,3,6,2,2,,,,,
05_05_2289,2018,2,2,2,0,,,,,
05_05_28W40,2018,3,5,19,9,,,,5.0,
05_05_310W3,2018,1,5,1,0,,,,5.0,
05_05_310W4,2018,11,9,15,10,,,,4.0,
05_05_310W6,2018,10,16,6,6,,,,5.0,
05_05_311W5,2018,1,1,1,1,,,,5.0,
05_05_313W1,2018,0,2,8,1,,,,5.0,
05_05_313W3,2018,1,1,0,1,,,,5.0,
05_05_314W1,2018,6,9,4,14,,,,5.0,
05_05_314W3,2018,0,0,0,3,,,,5.0,
05_05_317W8,2018,0,5,0,8,,,,5.0,
05_05_320W1,2018,3,6,2,4,,,,5.0,
05_05_3337W1,2018,1,2,1,0,,,,,
05_05_3424W5,2018,0,0,3,0,,,,5.0,
05_05_3432W1,2018,1,11,6,9,,,,5.0,
05_05_3432W2,2018,0,0,0,0,,,,5.0,
05_05_344W3,2018,0,3,1,3,,,,5.0,
05_05_344W4,2018,6,11,5,20,,,,5.0,
05_05_3451W1,2018,5,10,6,12,,,,5.0,
05_05_348W5,2018,1,1,0,0,,,,5.0,
05_05_4L1,2018,5,3,3,2,,,,5.0,
05_05_4L2,2018,2,7,2,6,,,,5.0,
05_05_7L3,2018,8,15,7,20,,,,5.0,
05_05_7U,2018,1,0,0,0,,,,,
05_05_8L1,2018,0,2,1,0,,,,,
05_05_8U,2018,0,8,7,7,,,,,
05_05_9L2,2018,0,0,0,0,,,,5.0,
05_05_9L5,2018,0,0,0,0,,,,5.0,
05_07_11W2,2018,0,5,4,0,,,,5.0,
05_07_12W3,2018,0,0,0,1,,,,5.0,
05_07_12W4,2018,2,2,2,1,,,,5.0,
05_07_1W1,2018,0,0,2,1,,,,5.0,
05_07_1W2,2018,2,6,3,4,,,,5.0,
05_07_1W3,2018,1,1,3,0,,,,5.0,
05_07_1W5,2018,10,9,4,7,,,,5.0,
05_07_1W8,2018,2,3,4,1,,,,5.0,
05_07_3W1,2018,0,0,2,0,,,,5.0,
05_07_3W2,2018,1,1,0,1,,,,5.0,
05_07_3W3,2018,0,2,0,0,,,,5.0,
05_07_5W1,2018,0,0,0,1,,,,5.0,
05_07_8W1,2018,0,3,2,2,,,,5.0,
05_07_8W2,2018,0,0,1,2,,,,5.0,
05_07_910W25,2018,16,28,20,27,,,,5.0,
05_07_910W52,2018,7,16,5,20,,,,5.0,
05_07_911W25,2018,1,1,2,0,,,,5.0,
05_07_912W75,2018,5,12,15,20,,,,5.0,
05_07_91W46,2018,0,0,0,2,,,,,
05_07_91W47,2018,1,2,1,0,,,,,
05_07_91W48,2018,0,1,2,1,,,,,
05_07_91W49,2018,2,4,6,2,,,,,
05_07_96W43,2018,10,16,19,23,,,,,
05_07_99W32,2018,0,3,2,1,,,,5.0,
05_07_99W63,2018,2,0,2,2,,,,5.0,
05_07_9W1,2018,2,1,2,1,,,,5.0,
05_07_9W2,2018,1,1,3,2,,,,5.0,
05_09_1007,2018,0,0,0,0,,,,,
05_09_1008,2018,0,0,0,0,,,,,
05_09_1109W2,2018,59,39,46,46,,,,5.0,
05_09_139L1,2018,0,25,14,28,,,,,
05_09_139L3,2018,0,3,3,5,,,,,
05_09_139L5,2018,0,10,7,4,,,,,
05_09_19B1,2018,0,0,0,0,,,,,
05_09_19B2,2018,0,0,0,0,,,,,
05_09_501L2,2018,34,25,30,34,,,,5.0,
05_09_514L1,2018,3,5,4,5,,,,5.0,
05_09_516L4,2018,0,0,0,0,,,,,
05_09_523L1,2018,0,4,21,10,,,,,
05_09_604W4,2018,17,15,20,24,,,,6.0,
05_09_702W2,2018,36,18,25,22,,,,5.0,
05_09_705W3,2018,51,16,42,29,,,,5.0,
05_09_8888W15,2018,1,0,0,0,,,,,
05_09_8888W16,2018,0,0,0,0,,,,,
05_09_901W1,2018,1,1,5,1,,,,5.0,
05_12_10P3,2018,0,0,0,0,,,,7.0,
05_12_16W5,2018,0,0,1,1,,,,5.0,
05_12_18J1,2018,0,0,0,0,,,,5.0,
05_12_18J2,2018,5,0,4,3,,,,4.0,
05_12_18J3,2018,0,0,0,0,,,,4.0,
05_12_18J4,2018,0,0,0,0,,,,4.0,
05_12_18L1,2018,1,1,0,0,,,,4.0,
05_12_18L2,2018,0,0,0,0,,,,4.0,
05_12_19W1,2018,0,0,0,0,,,,5.0,
05_12_1J1,2018,1,1,0,1,,,,5.0,
05_12_1J10,2018,2,0,0,0,,,,5.0,
05_12_1J12,2018,2,1,2,1,,,,5.0,
05_12_1J3,2018,2,2,1,4,,,,5.0,
05_12_1J6,2018,0,0,0,0,,,,5.0,
05_12_1J7,2018,0,0,0,0,,,,5.0,
05_12_1J903,2018,0,0,0,0,,,,5.0,
05_12_22W2,2018,0,0,0,0,,,,5.0,
05_12_22W3,2018,0,0,0,0,,,,5.0,
05_12_2306,2018,0,0,0,0,,,,,
05_12_2307,2018,0,0,0,0,,,,,
05_12_2308,2018,0,0,0,0,,,,,
05_12_2341-2132,2018,0,0,0,0,,,,,
05_12_2344,2018,0,0,0,0,,,,,
05_12_2346,2018,2,2,1,2,,,,,
05_12_2350A,2018,0,0,0,0,,,,,
05_12_2365,2018,0,1,0,1,,,,,
05_12_2368,2018,0,0,0,0,,,,,
05_12_2398,2018,1,1,2,0,,,,,
05_12_23W1,2018,1,0,0,0,,,,5.0,
05_12_24J5,2018,0,2,0,1,,,,,
05_12_25W5,2018,0,2,0,0,,,,4.0,
05_12_29W6,2018,2,1,2,4,,,,7.0,
05_12_3J1,2018,4,1,1,4,,,,5.0,
05_12_3J2,2018,0,0,0,0,,,,5.0,
05_12_3J3,2018,38,15,29,21,,,,5.0,
05_12_3J4,2018,5,3,4,1,,,,5.0,
05_12_3J6,2018,1,0,1,0,,,,5.0,
05_12_49W2,2018,3,0,0,0,,,,5.0,
05_12_49W4,2018,2,2,0,0,,,,5.0,
05_12_4J2,2018,3,0,0,0,,,,5.0,
05_12_51T1,2018,0,1,0,1,,,,5.0,
05_12_51T3,2018,4,1,3,3,,,,5.0,
05_12_6J1,2018,5,6,2,3,,,,5.0,
05_12_6J2,2018,0,0,0,0,,,,5.0,
05_12_7J3,2018,0,0,0,0,,,,5.0,
05_12_7J4,2018,0,1,0,0,,,,5.0,
05_12_9J1,2018,5,6,8,5,,,,5.0,
05_12_9J2,2018,7,9,10,4,,,,5.0,
05_14_11W1,2018,0,0,0,1,,,,,
05_14_1306,2018,0,0,0,0,,,,,
05_14_1316AB,2018,0,0,0,0,,,,5.0,
05_14_1319,2018,1,0,0,0,,,,,
05_14_13J2,2018,0,0,0,0,,,,5.0,
05_14_13J4,2018,0,0,0,0,,,,5.0,
05_14_13J6,2018,2,5,1,3,,,,5.0,
05_14_13L1,2018,0,1,0,0,,,,5.0,
05_14_14J1,2018,0,1,0,1,,,,5.0,
05_14_14L2,2018,0,0,0,0,,,,5.0,
05_14_14L3,2018,0,0,0,0,,,,4.0,
05_14_16L1,2018,0,0,0,0,,,,5.0,
05_14_16L3,2018,0,0,0,1,,,,4.0,
05_14_1J1,2018,0,0,0,1,,,,5.0,
05_14_1J2,2018,0,0,0,0,,,,5.0,
05_14_1J4,2018,0,0,1,0,,,,6.0,
05_14_1J5,2018,0,0,0,0,,,,6.0,
05_14_1J6,2018,0,1,1,0,,,,5.0,
05_14_1J7,2018,1,4,2,4,,,,5.0,
05_14_1J8,2018,3,7,1,2,,,,5.0,
05_14_1J9,2018,0,0,0,1,,,,5.0,
05_14_2353,2018,0,0,0,2,,,,,
05_14_2354,2018,1,2,2,0,,,,,
05_14_2355,2018,0,0,0,0,,,,,
05_14_2356,2018,0,0,0,0,,,,,
05_14_2357,2018,3,4,8,4,,,,,
05_14_2376,2018,0,0,0,0,,,,,
05_14_2377N,2018,0,0,0,1,,,,,
05_14_2396N,2018,0,0,0,0,,,,,
05_14_2396S,2018,0,0,0,0,,,,,
05_14_275L2,2018,0,0,0,0,,,,4.0,
05_14_275L4,2018,0,0,0,1,,,,4.0,
05_14_2J4,2018,0,0,0,0,,,,5.0,
05_14_2J8,2018,1,0,0,1,,,,5.0,
05_14_2L2,2018,0,0,0,0,,,,5.0,
05_14_2L3,2018,0,1,2,0,,,,5.0,
05_14_31J3,2018,0,0,0,1,,,,6.0,
05_14_31J5,2018,0,0,0,0,,,,5.0,
05_14_31J6,2018,0,1,1,0,,,,5.0,
05_14_31J7,2018,1,1,3,2,,,,5.0,
05_14_32J3,2018,0,0,1,0,,,,5.0,
05_14_32J9,2018,5,5,12,3,,,,5.0,
05_14_34M1,2018,0,0,0,1,,,,5.0,
05_14_36J1,2018,0,1,1,0,,,,5.0,
05_14_36J2,2018,0,0,0,1,,,,5.0,
05_14_36J3,2018,0,0,2,0,,,,5.0,
05_14_36J4,2018,0,0,0,0,,,,5.0,
05_14_36J5,2018,3,4,3,3,,,,5.0,
05_14_36J6,2018,12,10,11,15,,,,5.0,
05_14_3J1,2018,0,2,1,4,,,,5.0,
05_14_3J3,2018,0,0,0,0,,,,4.0,
05_14_3J4,2018,0,0,1,0,,,,5.0,
05_14_3J40,2018,0,0,0,0,,,,5.0,
05_14_3J41,2018,0,1,0,0,,,,5.0,
05_14_3J42,2018,1,1,2,0,,,,5.0,
05_14_3J43,2018,0,1,1,1,,,,5.0,
05_14_3J44,2018,1,0,0,0,,,,5.0,
05_14_3J45,2018,0,2,1,1,,,,5.0,
05_14_3J7,2018,0,0,0,0,,,,5.0,
05_14_3L5,2018,0,0,1,1,,,,4.0,
05_14_48L4,2018,0,0,0,0,,,,5.0,
05_14_53J1,2018,5,2,2,1,,,,5.0,
05_14_53J2,2018,2,2,3,3,,,,5.0,
05_14_53J3,2018,2,1,3,2,,,,5.0,
05_14_53J4,2018,1,0,0,0,,,,5.0,
05_14_53J5,2018,0,1,2,0,,,,5.0,
05_14_57L1,2018,1,0,0,1,,,,5.0,
05_14_59L1,2018,0,0,0,0,,,,5.0,
05_14_59L5,2018,0,1,0,0,,,,5.0,
05_14_5J12,2018,0,0,0,0,,,,5.0,
05_14_5J15,2018,0,1,0,0,,,,5.0,
05_14_5J16,2018,0,0,0,2,,,,5.0,
05_14_5J2,2018,7,8,9,13,,,,5.0,
05_14_5J40,2018,1,0,3,1,,,,5.0,
05_14_5J41,2018,0,2,4,6,,,,5.0,
05_14_5J42,2018,1,2,2,1,,,,5.0,
05_14_5J43,2018,3,0,1,1,,,,5.0,
05_14_5J44,2018,4,4,1,1,,,,5.0,
05_14_5J45,2018,7,2,5,3,,,,5.0,
05_14_5J5,2018,2,0,1,0,,,,5.0,
05_14_60L4,2018,0,0,2,0,,,,5.0,
05_14_61L1,2018,1,1,2,0,,,,5.0,
05_14_61L2,2018,0,1,0,0,,,,5.0,
05_14_69J1,2018,1,1,2,1,,,,5.0,
05_14_6J1,2018,0,0,0,0,,,,5.0,
05_14_6J2,2018,2,4,3,0,,,,5.0,
05_14_6J3,2018,1,0,0,0,,,,5.0,
05_14_6J4,2018,2,3,3,1,,,,5.0,
05_14_6J5,2018,8,5,8,10,,,,5.0,
05_14_6J6,2018,3,7,6,6,,,,5.0,
05_14_6J8,2018,6,5,14,6,,,,5.0,
05_14_71L1,2018,5,7,12,11,,,,5.0,
05_14_77L1,2018,1,0,1,3,,,,5.0,
05_14_77L2,2018,0,0,0,0,,,,5.0,
05_14_7J1,2018,0,0,0,0,,,,5.0,
05_14_7J3,2018,0,0,0,0,,,,5.0,
05_14_7L2,2018,0,0,0,0,,,,5.0,
05_14_8L1,2018,0,0,0,0,,,,4.0,
05_14_8L2,2018,0,1,1,0,,,,5.0,
05_14_8T1,2018,0,0,0,0,,,,5.0,
05_14_8T2,2018,1,1,0,0,,,,5.0,
05_14_9J1,2018,0,0,1,0,,,,5.0,
05_14_9J2,2018,0,0,0,0,,,,5.0,
05_14_9J3,2018,0,0,0,0,,,,5.0,
05_14_FD12H1,2018,0,0,0,0,,,,,
